firm,title,location,geo,daysAgo,effectiveDate,dateSource,datePosted,firstSeen,ats,url
Perkins & Will,Designer III,Charlotte,us,0,2026-06-30,posted,2026-06-30T11:12:43.278Z,2026-06-30,ultipro,https://recruiting2.ultipro.com/PER1007PWILL/JobBoard/0ca393a4-bf82-4db6-acae-91e6a0315a4a/OpportunityDetail?opportunityId=d73a4ebc-252f-488f-a331-e99997b072d3
HOK,Architecture - Medical Planner,,unknown,0,2026-06-30,firstSeen,,2026-06-30,dayforce,https://jobs.dayforcehcm.com/en-US/hok/CANDIDATEPORTAL/jobs/1877
HOK,Architecture - Sr Medical Planner,,unknown,0,2026-06-30,firstSeen,,2026-06-30,dayforce,https://jobs.dayforcehcm.com/en-US/hok/CANDIDATEPORTAL/jobs/1873
HOK,Interiors - Interior Designer,,unknown,0,2026-06-30,firstSeen,,2026-06-30,dayforce,https://jobs.dayforcehcm.com/en-US/hok/CANDIDATEPORTAL/jobs/3565
HOK,Architecture - Sr Design Professional,,unknown,0,2026-06-30,firstSeen,,2026-06-30,dayforce,https://jobs.dayforcehcm.com/en-US/hok/CANDIDATEPORTAL/jobs/3560
HOK,Architecture - Senior Lab Planner,,unknown,0,2026-06-30,firstSeen,,2026-06-30,dayforce,https://jobs.dayforcehcm.com/en-US/hok/CANDIDATEPORTAL/jobs/2838
HOK,Project Architect,,unknown,0,2026-06-30,firstSeen,,2026-06-30,dayforce,https://jobs.dayforcehcm.com/en-US/hok/CANDIDATEPORTAL/jobs/3541
HOK,Architecture Student Intern - Fall 2026,,unknown,0,2026-06-30,firstSeen,,2026-06-30,dayforce,https://jobs.dayforcehcm.com/en-US/hok/CANDIDATEPORTAL/jobs/3513
HOK,Interiors - Architect,,unknown,0,2026-06-30,firstSeen,,2026-06-30,dayforce,https://jobs.dayforcehcm.com/en-US/hok/CANDIDATEPORTAL/jobs/3507
HOK,Interiors - Sr Interior Designer,,unknown,0,2026-06-30,firstSeen,,2026-06-30,dayforce,https://jobs.dayforcehcm.com/en-US/hok/CANDIDATEPORTAL/jobs/3505
Stantec,Senior Landscape Designer,"Pune, Maharashtra, India",foreign,0,2026-06-30,posted,2026-06-30,2026-06-30,oracle-cloud,https://hdhl.fa.us6.oraclecloud.com/hcmUI/CandidateExperience/en/sites/CX_1/job/1006504
AECOM,Architecture Discipline Lead,"New York, NY, us",us,0,2026-06-30,posted,2026-06-30T12:12:05.278Z,2026-06-30,smartrecruiters,https://jobs.smartrecruiters.com/AECOM2/https://api.smartrecruiters.com/v1/companies/AECOM2/postings/744000134998803
AECOM,Principal Architect (Data Center),"Bucharest, 11-15 TIPOGRAFILOR S, ro",foreign,0,2026-06-30,posted,2026-06-30T10:15:58.169Z,2026-06-30,smartrecruiters,https://jobs.smartrecruiters.com/AECOM2/https://api.smartrecruiters.com/v1/companies/AECOM2/postings/744000134979929
AECOM,Structural BIM Specialist,"Bukit Damansara, my",foreign,0,2026-06-30,posted,2026-06-30T06:47:43.343Z,2026-06-30,smartrecruiters,https://jobs.smartrecruiters.com/AECOM2/https://api.smartrecruiters.com/v1/companies/AECOM2/postings/744000134938159
AECOM,Deputy Designer - BIM Bridges,"Bengaluru, KA, in",foreign,0,2026-06-30,posted,2026-06-30T06:12:11.963Z,2026-06-30,smartrecruiters,https://jobs.smartrecruiters.com/AECOM2/https://api.smartrecruiters.com/v1/companies/AECOM2/postings/744000134934074
Perkins Eastman,Project Architect/Technical Lead,,unknown,0,2026-06-30,firstSeen,,2026-06-30,hrmdirect,http://perkinseastman.hrmdirect.com/employment/job-opening.php?req=3687351&req_loc=1287939&&cust_sort1=121226&cust_sort2=70953&&jbsrc=1025#job
Perkins Eastman,Library Planner | Programmer | Architect,,unknown,0,2026-06-30,firstSeen,,2026-06-30,hrmdirect,http://perkinseastman.hrmdirect.com/employment/job-opening.php?req=3731264&req_loc=1354917&&cust_sort1=121226&cust_sort2=70953&&jbsrc=1025#job
Perkins Eastman,Library Planner | Programmer | Architect,,unknown,0,2026-06-30,firstSeen,,2026-06-30,hrmdirect,http://perkinseastman.hrmdirect.com/employment/job-opening.php?req=3731264&req_loc=1364744&&cust_sort1=121226&cust_sort2=70953&&jbsrc=1025#job
Perkins Eastman,Library Planner | Programmer | Architect,,unknown,0,2026-06-30,firstSeen,,2026-06-30,hrmdirect,http://perkinseastman.hrmdirect.com/employment/job-opening.php?req=3731264&req_loc=1364745&&cust_sort1=121226&cust_sort2=70953&&jbsrc=1025#job
Perkins Eastman,Library Planner | Programmer | Architect,,unknown,0,2026-06-30,firstSeen,,2026-06-30,hrmdirect,http://perkinseastman.hrmdirect.com/employment/job-opening.php?req=3731264&req_loc=1364746&&cust_sort1=121226&cust_sort2=70953&&jbsrc=1025#job
Perkins Eastman,Library Planner | Programmer | Architect,,unknown,0,2026-06-30,firstSeen,,2026-06-30,hrmdirect,http://perkinseastman.hrmdirect.com/employment/job-opening.php?req=3731264&req_loc=1364747&&cust_sort1=121226&cust_sort2=70953&&jbsrc=1025#job
Perkins Eastman,Interior Designer II (Senior Living),,unknown,0,2026-06-30,firstSeen,,2026-06-30,hrmdirect,http://perkinseastman.hrmdirect.com/employment/job-opening.php?req=3597112&req_loc=1175140&&cust_sort1=121226&cust_sort2=70953&&jbsrc=1025#job
Perkins Eastman,Designer I,,unknown,0,2026-06-30,firstSeen,,2026-06-30,hrmdirect,http://perkinseastman.hrmdirect.com/employment/job-opening.php?req=3747438&req_loc=1371552&&cust_sort1=121226&cust_sort2=70953&&jbsrc=1025#job
Perkins Eastman,Designer II,,unknown,0,2026-06-30,firstSeen,,2026-06-30,hrmdirect,http://perkinseastman.hrmdirect.com/employment/job-opening.php?req=3747450&req_loc=1371547&&cust_sort1=121226&cust_sort2=70953&&jbsrc=1025#job
Perkins Eastman,Senior Interior Designer,,unknown,0,2026-06-30,firstSeen,,2026-06-30,hrmdirect,http://perkinseastman.hrmdirect.com/employment/job-opening.php?req=3438184&req_loc=852762&&cust_sort1=121226&cust_sort2=70953&&jbsrc=1025#job
Perkins Eastman,Designer I,,unknown,0,2026-06-30,firstSeen,,2026-06-30,hrmdirect,http://perkinseastman.hrmdirect.com/employment/job-opening.php?req=3748437&req_loc=1373088&&cust_sort1=121226&cust_sort2=70953&&jbsrc=1025#job
Perkins Eastman,Project Designer/Project Manager Workplace and Commercial Interiors,,unknown,0,2026-06-30,firstSeen,,2026-06-30,hrmdirect,http://perkinseastman.hrmdirect.com/employment/job-opening.php?req=3365037&req_loc=696741&&cust_sort1=121226&cust_sort2=70953&&jbsrc=1025#job
Perkins Eastman,Interior Designer,,unknown,0,2026-06-30,firstSeen,,2026-06-30,hrmdirect,http://perkinseastman.hrmdirect.com/employment/job-opening.php?req=3725206&req_loc=1354916&&cust_sort1=121226&cust_sort2=70953&&jbsrc=1025#job
Perkins Eastman,Interior Designer - Residential Practice Area,,unknown,0,2026-06-30,firstSeen,,2026-06-30,hrmdirect,http://perkinseastman.hrmdirect.com/employment/job-opening.php?req=3628798&req_loc=1211756&&cust_sort1=121226&cust_sort2=70953&&jbsrc=1025#job
Perkins Eastman,Project Architect III,,unknown,0,2026-06-30,firstSeen,,2026-06-30,hrmdirect,http://perkinseastman.hrmdirect.com/employment/job-opening.php?req=3628794&req_loc=1211758&&cust_sort1=121226&cust_sort2=70953&&jbsrc=1025#job
Perkins Eastman,Architect II,,unknown,0,2026-06-30,firstSeen,,2026-06-30,hrmdirect,http://perkinseastman.hrmdirect.com/employment/job-opening.php?req=3732013&req_loc=1348144&&cust_sort1=121226&cust_sort2=70953&&jbsrc=1025#job
Perkins Eastman,Architect III,,unknown,0,2026-06-30,firstSeen,,2026-06-30,hrmdirect,http://perkinseastman.hrmdirect.com/employment/job-opening.php?req=3293616&req_loc=547087&&cust_sort1=121226&cust_sort2=70953&&jbsrc=1025#job
Perkins Eastman,Interior Designer II (Senior Living),,unknown,0,2026-06-30,firstSeen,,2026-06-30,hrmdirect,http://perkinseastman.hrmdirect.com/employment/job-opening.php?req=3597149&req_loc=1171558&&cust_sort1=121226&cust_sort2=70953&&jbsrc=1025#job
Perkins Eastman,Senior Architectural Designer,,unknown,0,2026-06-30,firstSeen,,2026-06-30,hrmdirect,http://perkinseastman.hrmdirect.com/employment/job-opening.php?req=3717960&req_loc=1328614&&cust_sort1=121226&cust_sort2=70953&&jbsrc=1025#job
Perkins Eastman,Senior Project Architect,,unknown,0,2026-06-30,firstSeen,,2026-06-30,hrmdirect,http://perkinseastman.hrmdirect.com/employment/job-opening.php?req=3728999&req_loc=1346767&&cust_sort1=121226&cust_sort2=70953&&jbsrc=1025#job
Perkins Eastman,Designer I,,unknown,0,2026-06-30,firstSeen,,2026-06-30,hrmdirect,http://perkinseastman.hrmdirect.com/employment/job-opening.php?req=3742259&req_loc=1364097&&cust_sort1=121226&cust_sort2=70953&&jbsrc=1025#job
Perkins Eastman,Designer II,,unknown,0,2026-06-30,firstSeen,,2026-06-30,hrmdirect,http://perkinseastman.hrmdirect.com/employment/job-opening.php?req=3742485&req_loc=1364135&&cust_sort1=121226&cust_sort2=70953&&jbsrc=1025#job
Leo A Daly,"LEO A DALY | Architecture, Engineering, Interior Design",,unknown,0,2026-06-30,firstSeen,,2026-06-30,custom,https://leoadaly.com
Grimshaw,Architects,,unknown,0,2026-06-30,firstSeen,,2026-06-30,jobscore,https://careers.jobscore.com/careers/grimshawarchitects/jobs/architects-cZ-iQpWW1abBYnHKL-vthV
Grimshaw,Intermediate Architect,,unknown,0,2026-06-30,firstSeen,,2026-06-30,jobscore,https://careers.jobscore.com/careers/grimshawarchitects/jobs/intermediate-architect-ar9xg3BVXe2zXmjkK3K_AW
Grimshaw,Intermediate Architect,,unknown,0,2026-06-30,firstSeen,,2026-06-30,jobscore,https://careers.jobscore.com/careers/grimshawarchitects/jobs/intermediate-architect-dO1BkcbTPhJj7fAcBTWvRB
Grimshaw,Part 1 Architectural Assistants,,unknown,0,2026-06-30,firstSeen,,2026-06-30,jobscore,https://careers.jobscore.com/careers/grimshawarchitects/jobs/part-1-architectural-assistants-cSw_HvhHbpyQtzkj9ok50V
Grimshaw,Part 2 Architectural Assistants,,unknown,0,2026-06-30,firstSeen,,2026-06-30,jobscore,https://careers.jobscore.com/careers/grimshawarchitects/jobs/part-2-architectural-assistants-ckP7DHt41enjXyFpmPRF3n
Grimshaw,Senior Architect - Los Angeles,,unknown,0,2026-06-30,firstSeen,,2026-06-30,jobscore,https://careers.jobscore.com/careers/grimshawarchitects/jobs/senior-architect-los-angeles-bMHZD2VHzk4iX5E2ZbDecs
Grimshaw,"Senior Architect, New York",,unknown,0,2026-06-30,firstSeen,,2026-06-30,jobscore,https://careers.jobscore.com/careers/grimshawarchitects/jobs/senior-architect-new-york-dTdflo7mnkkQh-dtO0KUu-
Grimshaw,Join the Grimshaw Architects Talent Network,,unknown,0,2026-06-30,firstSeen,,2026-06-30,jobscore,https://careers.jobscore.com/apply_flow/applications/go?acc_id=dISY08Zi8r6kLHdNDWqL8o
Grimshaw,Return to Grimshaw Architects,,unknown,0,2026-06-30,firstSeen,,2026-06-30,jobscore,https://careers.jobscore.com/careers/grimshawarchitects
Handel Architects,Architectural Designer,,unknown,0,2026-06-30,firstSeen,,2026-06-30,custom,https://handelarchitects.hua.hrsmart.com/hr/ats/Posting/view/54
Handel Architects,Interior Designer,,unknown,0,2026-06-30,firstSeen,,2026-06-30,custom,https://handelarchitects.hua.hrsmart.com/hr/ats/Posting/view/38
Handel Architects,Designer,,unknown,0,2026-06-30,firstSeen,,2026-06-30,custom,https://handelarchitects.hua.hrsmart.com/hr/ats/Posting/view/53
Handel Architects,Project Architect/Designer,,unknown,0,2026-06-30,firstSeen,,2026-06-30,custom,https://handelarchitects.hua.hrsmart.com/hr/ats/Posting/view/52
CetraRuddy Architecture,A3 | Architectural Staff,"New York, New York",us,0,2026-06-30,firstSeen,,2026-06-30,bamboohr,https://cetraruddy.bamboohr.com/careers/37
CetraRuddy Architecture,A5 | Project Architect,"New York, New York",us,0,2026-06-30,firstSeen,,2026-06-30,bamboohr,https://cetraruddy.bamboohr.com/careers/53
CetraRuddy Architecture,A5 | Architecture Project Manager,"New York, New York",us,0,2026-06-30,firstSeen,,2026-06-30,bamboohr,https://cetraruddy.bamboohr.com/careers/54
CetraRuddy Architecture,I3 | Interior Designer,"New York, New York",us,0,2026-06-30,firstSeen,,2026-06-30,bamboohr,https://cetraruddy.bamboohr.com/careers/56
CetraRuddy Architecture,I4 | Interior Designer,"New York, New York",us,0,2026-06-30,firstSeen,,2026-06-30,bamboohr,https://cetraruddy.bamboohr.com/careers/57
Studios Architecture,"STUDIOS Architecture, Selldorf Architects and BASE Paysage selected for Louvre-Nouvelle Renaissance Project",,unknown,0,2026-06-30,firstSeen,,2026-06-30,custom,https://studios.com/careers/design/studios-architecture-selldorf-architects-and-base-paysagiste-selected-for-louvre-nouvelle-renaissance-project.html
Studios Architecture,Brian Pilot discusses the architectural design of The Zoe and its colorful glazed brick. Press,,unknown,0,2026-06-30,firstSeen,,2026-06-30,custom,https://studios.com/careers/design/brian-pilot-discusses-the-architectural-design-of-the-zoe.html
Studios Architecture,"STUDIOS Architecture, Selldorf Architects and BASE Paysage selected for Louvre-Nouvelle Renaissance Project",,unknown,0,2026-06-30,firstSeen,,2026-06-30,custom,https://studios.com/careers/whats-new/studios-architecture-selldorf-architects-and-base-paysagiste-selected-for-louvre-nouvelle-renaissance-project.html
Studios Architecture,Brian Pilot discusses the architectural design of The Zoe and its colorful glazed brick. Press,,unknown,0,2026-06-30,firstSeen,,2026-06-30,custom,https://studios.com/careers/whats-new/brian-pilot-discusses-the-architectural-design-of-the-zoe.html
Studios Architecture,"STUDIOS Architecture, Selldorf Architects and BASE Paysage selected for Louvre-Nouvelle Renaissance Project",,unknown,0,2026-06-30,firstSeen,,2026-06-30,custom,https://studios.com/careers/studios-architecture-selldorf-architects-and-base-paysagiste-selected-for-louvre-nouvelle-renaissance-project.html
Studios Architecture,Brian Pilot discusses the architectural design of The Zoe and its colorful glazed brick. Press,,unknown,0,2026-06-30,firstSeen,,2026-06-30,custom,https://studios.com/careers/brian-pilot-discusses-the-architectural-design-of-the-zoe.html
Studios Architecture,"STUDIOS Architecture, Selldorf Architects and BASE Paysage selected for Louvre-Nouvelle Renaissance Project",,unknown,0,2026-06-30,firstSeen,,2026-06-30,custom,https://studios.com/careers/team/studios-architecture-selldorf-architects-and-base-paysagiste-selected-for-louvre-nouvelle-renaissance-project.html
Studios Architecture,Brian Pilot discusses the architectural design of The Zoe and its colorful glazed brick. Press,,unknown,0,2026-06-30,firstSeen,,2026-06-30,custom,https://studios.com/careers/team/brian-pilot-discusses-the-architectural-design-of-the-zoe.html
Cannon Design,"Architect - Entry Level Mumbai, Maharashtra, India",,unknown,0,2026-06-30,firstSeen,,2026-06-30,custom,https://www.cannondesign.com/careers/architect-entry-level-2
Cannon Design,"Architect II Chicago, Illinois, United States",,unknown,0,2026-06-30,firstSeen,,2026-06-30,custom,https://www.cannondesign.com/careers/architect-ii-2613
Cannon Design,"Architect III San Francisco, California, United States",,unknown,0,2026-06-30,firstSeen,,2026-06-30,custom,https://www.cannondesign.com/careers/architect-iii-2334
Cannon Design,"Architect III Houston, Texas, United States",,unknown,0,2026-06-30,firstSeen,,2026-06-30,custom,https://www.cannondesign.com/careers/architect-iii-2101
Cannon Design,"Architect III Buffalo, New York, United States",,unknown,0,2026-06-30,firstSeen,,2026-06-30,custom,https://www.cannondesign.com/careers/architect-iii
Cannon Design,"Architect IV San Francisco, California, United States",,unknown,0,2026-06-30,firstSeen,,2026-06-30,custom,https://www.cannondesign.com/careers/architect-iv-2332
Array Architects,Interior DesignerPhiladelphia,,unknown,0,2026-06-30,firstSeen,,2026-06-30,custom,https://www.paycomonline.net/v4/ats/web.php/portal/6BDE7C2178FCCAD134D2B70B46E59B37/jobs/73773
Array Architects,Senior Project ArchitectCharlestonEngineering,,unknown,0,2026-06-30,firstSeen,,2026-06-30,custom,https://www.paycomonline.net/v4/ats/web.php/portal/6BDE7C2178FCCAD134D2B70B46E59B37/jobs/73878
Array Architects,Lead Project ArchitectPhiladelphiaEngineering,,unknown,0,2026-06-30,firstSeen,,2026-06-30,custom,https://www.paycomonline.net/v4/ats/web.php/portal/6BDE7C2178FCCAD134D2B70B46E59B37/jobs/148756
NBBJ,"Architectural Designer Charlotte, North Carolina",,unknown,0,2026-06-30,firstSeen,,2026-06-30,jobvite,https://jobs.jobvite.com/nbbj/job/oeo6wfwY
NBBJ,"Healthcare Project Architect Boston, Massachusetts",,unknown,0,2026-06-30,firstSeen,,2026-06-30,jobvite,https://jobs.jobvite.com/nbbj/job/o8OnAfwD
NBBJ,"Intermediate Architectural Designer - Healthcare Practice Seattle, Washington",,unknown,0,2026-06-30,firstSeen,,2026-06-30,jobvite,https://jobs.jobvite.com/nbbj/job/od4aAfwL
NBBJ,"Project Architect - Healthcare, Commercial Practices Los Angeles, California San Diego, California",,unknown,0,2026-06-30,firstSeen,,2026-06-30,jobvite,https://jobs.jobvite.com/nbbj/job/okXpAfw0
NBBJ,"Project Architect, Healthcare Charlotte, North Carolina",,unknown,0,2026-06-30,firstSeen,,2026-06-30,jobvite,https://jobs.jobvite.com/nbbj/job/oTw8zfwQ
NBBJ,"Project Architect/Manager Boston, Massachusetts",,unknown,0,2026-06-30,firstSeen,,2026-06-30,jobvite,https://jobs.jobvite.com/nbbj/job/oDO5zfwP
NBBJ,"Senior Healthcare Project Architect Seattle, Washington",,unknown,0,2026-06-30,firstSeen,,2026-06-30,jobvite,https://jobs.jobvite.com/nbbj/job/oG8LxfwQ
NBBJ,"Senior Project Architect Boston, Massachusetts",,unknown,0,2026-06-30,firstSeen,,2026-06-30,jobvite,https://jobs.jobvite.com/nbbj/job/ogMnAfwJ
NBBJ,"Intermediate Designer - Corporate Commercial Practice Seattle, Washington",,unknown,0,2026-06-30,firstSeen,,2026-06-30,jobvite,https://jobs.jobvite.com/nbbj/job/oRUaAfwf
NBBJ,"Intermediate Interior Designer Charlotte, North Carolina",,unknown,0,2026-06-30,firstSeen,,2026-06-30,jobvite,https://jobs.jobvite.com/nbbj/job/oQqkAfwU
NBBJ,"Intermediate Interior Designer Boston, Massachusetts",,unknown,0,2026-06-30,firstSeen,,2026-06-30,jobvite,https://jobs.jobvite.com/nbbj/job/opFTqfw7
NBBJ,"Intermediate Interior Designer New York, New York",,unknown,0,2026-06-30,firstSeen,,2026-06-30,jobvite,https://jobs.jobvite.com/nbbj/job/o5N0zfwb
NBBJ,"Intermediate Interior Designer Seattle, Washington",,unknown,0,2026-06-30,firstSeen,,2026-06-30,jobvite,https://jobs.jobvite.com/nbbj/job/okutvfww
NBBJ,"Senior Interior Designer New York, New York",,unknown,0,2026-06-30,firstSeen,,2026-06-30,jobvite,https://jobs.jobvite.com/nbbj/job/oX4Mzfw6
NBBJ,"Senior Interior Designer New York, New York",,unknown,0,2026-06-30,firstSeen,,2026-06-30,jobvite,https://jobs.jobvite.com/nbbj/job/owNUzfww
NBBJ,"Senior Interior Designer Charlotte, North Carolina",,unknown,0,2026-06-30,firstSeen,,2026-06-30,jobvite,https://jobs.jobvite.com/nbbj/job/o9vkAfwi
NBBJ,"Senior Interior Designer Seattle, Washington Portland, Oregon",,unknown,0,2026-06-30,firstSeen,,2026-06-30,jobvite,https://jobs.jobvite.com/nbbj/job/oGRKxfwy
NBBJ,"Architectural Project Manager Portland, Oregon",,unknown,0,2026-06-30,firstSeen,,2026-06-30,jobvite,https://jobs.jobvite.com/nbbj/job/okgswfwi
Zimmer Gunsul Frasca (ZGF),Senior Architect,,unknown,0,2026-06-30,firstSeen,,2026-06-30,custom,https://www.zgf.com/careers/OcZAkshUWE-senior-architect
Zimmer Gunsul Frasca (ZGF),Senior Interior Designer,,unknown,0,2026-06-30,firstSeen,,2026-06-30,custom,https://www.zgf.com/careers/sBstMaaD0L-senior-interior-designer
Zimmer Gunsul Frasca (ZGF),Senior Interior Designer,,unknown,0,2026-06-30,firstSeen,,2026-06-30,custom,https://www.zgf.com/careers/O7zjtNEyzk-senior-interior-designer
Zimmer Gunsul Frasca (ZGF),Senior Interior Technical Designer,,unknown,0,2026-06-30,firstSeen,,2026-06-30,custom,https://www.zgf.com/careers/hF6lLS6Lsh-senior-interior-technical-designer
Zimmer Gunsul Frasca (ZGF),Mid-Level Interior Designer,,unknown,0,2026-06-30,firstSeen,,2026-06-30,custom,https://www.zgf.com/careers/0UFKnaO40n-mid-level-interior-designer
Zimmer Gunsul Frasca (ZGF),Senior Architectural Designer,,unknown,0,2026-06-30,firstSeen,,2026-06-30,custom,https://www.zgf.com/careers/7gFU7Ma1bt-senior-architectural-designer
Zimmer Gunsul Frasca (ZGF),Architectural Medical Planner,,unknown,0,2026-06-30,firstSeen,,2026-06-30,custom,https://www.zgf.com/careers/zd4cTGQzz6-architectural-medical-planner
Zimmer Gunsul Frasca (ZGF),Architectural Medical Planner,,unknown,0,2026-06-30,firstSeen,,2026-06-30,custom,https://www.zgf.com/careers/i6qYb0Yicd-architectural-medical-planner
Zimmer Gunsul Frasca (ZGF),Entry-Level Architect,,unknown,0,2026-06-30,firstSeen,,2026-06-30,custom,https://www.zgf.com/careers/p2CQ0zmZHr-entry-level-architect
Zimmer Gunsul Frasca (ZGF),Senior Landscape Architect | Project Manager,,unknown,0,2026-06-30,firstSeen,,2026-06-30,custom,https://www.zgf.com/careers/Itb0y3iKHH-senior-landscape-architect-project-manager
Zimmer Gunsul Frasca (ZGF),Architectural Medical Planner,,unknown,0,2026-06-30,firstSeen,,2026-06-30,custom,https://www.zgf.com/careers/rpPcVmV7OS-architectural-medical-planner
Zimmer Gunsul Frasca (ZGF),Senior Interior Architect/Interior Designer,,unknown,0,2026-06-30,firstSeen,,2026-06-30,custom,https://www.zgf.com/careers/7cQslcol68-senior-interior-architect-interior-designer
Zimmer Gunsul Frasca (ZGF),Senior Healthcare Project Architect,,unknown,0,2026-06-30,firstSeen,,2026-06-30,custom,https://www.zgf.com/careers/iUEt2WZsuU-senior-healthcare-project-architect
WSP USA,BIM Modeler - Digital Innovation,"Noida, Uttar Pradesh, India",foreign,0,2026-06-30,posted,2026-06-30,2026-06-30,oracle-cloud,https://emit.fa.ca3.oraclecloud.com/hcmUI/CandidateExperience/en/sites/CX_2001/job/89991
WSP USA,Senior Architect - Design,"Bengaluru, Karnataka, India",foreign,0,2026-06-30,posted,2026-06-30,2026-06-30,oracle-cloud,https://emit.fa.ca3.oraclecloud.com/hcmUI/CandidateExperience/en/sites/CX_2001/job/90004
WSP USA,Architect - Design,"Bengaluru, Karnataka, India",foreign,0,2026-06-30,posted,2026-06-30,2026-06-30,oracle-cloud,https://emit.fa.ca3.oraclecloud.com/hcmUI/CandidateExperience/en/sites/CX_2001/job/90003
WSP USA,Facade Designer,"Bengaluru, Karnataka, India",foreign,0,2026-06-30,posted,2026-06-30,2026-06-30,oracle-cloud,https://emit.fa.ca3.oraclecloud.com/hcmUI/CandidateExperience/en/sites/CX_2001/job/90009
WSP USA,"Early Professional, Architecture","Bengaluru, Karnataka, India",foreign,0,2026-06-30,posted,2026-06-30,2026-06-30,oracle-cloud,https://emit.fa.ca3.oraclecloud.com/hcmUI/CandidateExperience/en/sites/CX_2001/job/90014
WSP USA,Principal Architect,"Bengaluru, Karnataka, India",foreign,0,2026-06-30,posted,2026-06-30,2026-06-30,oracle-cloud,https://emit.fa.ca3.oraclecloud.com/hcmUI/CandidateExperience/en/sites/CX_2001/job/90112
WSP USA,Associate - Architecture,"Bengaluru, Karnataka, India",foreign,0,2026-06-30,posted,2026-06-30,2026-06-30,oracle-cloud,https://emit.fa.ca3.oraclecloud.com/hcmUI/CandidateExperience/en/sites/CX_2001/job/90119
Arcadis North America,"Constructief Bim manager/coördinatorRotterdam, Zuid-Holland, Netherlands + 3 moreBIMCompany PriorityPosted 6 days ago",,unknown,0,2026-06-30,firstSeen,,2026-06-30,eightfold (pw-fallback),https://jobs.arcadis.com/careers/job/563671531449515?domain=arcadis.com
Arcadis North America,"Technisch uitvoeringsbegeleider, Stations en ArchitectuurAmersfoort, Utrecht, Netherlands + 1 moreProject ManagementPosted 20 days ago",,unknown,0,2026-06-30,firstSeen,,2026-06-30,eightfold (pw-fallback),https://jobs.arcadis.com/careers/job/563671531613532?domain=arcadis.com
Elkus Manfredi,Interior Designer III,,unknown,0,2026-06-30,firstSeen,,2026-06-30,custom,https://www.elkus-manfredi.com/job/interior-designer-iii/
Elkus Manfredi,Project Architect / Designer III,,unknown,0,2026-06-30,firstSeen,,2026-06-30,custom,https://www.elkus-manfredi.com/job/project-architect-designer-iii/
Elkus Manfredi,Designer / Architect II,,unknown,0,2026-06-30,firstSeen,,2026-06-30,custom,https://www.elkus-manfredi.com/job/designer-architect-ii-2/
EwingCole,Project Architect,,unknown,0,2026-06-30,firstSeen,,2026-06-30,paylocity,https://recruiting.paylocity.com/Recruiting/Jobs/Details/4289803
EwingCole,Quality Assurance Architect,,unknown,0,2026-06-30,firstSeen,,2026-06-30,paylocity,https://recruiting.paylocity.com/Recruiting/Jobs/Details/4285976
EwingCole,BIM Support Specialist,,unknown,0,2026-06-30,firstSeen,,2026-06-30,paylocity,https://recruiting.paylocity.com/Recruiting/Jobs/Details/4228032
EwingCole,Architectural Project Manager - Healthcare Practice,,unknown,0,2026-06-30,firstSeen,,2026-06-30,paylocity,https://recruiting.paylocity.com/Recruiting/Jobs/Details/4251191
EwingCole,Architect III - Healthcare Practice,,unknown,0,2026-06-30,firstSeen,,2026-06-30,paylocity,https://recruiting.paylocity.com/Recruiting/Jobs/Details/3830566
EwingCole,Architectural Design Professional I - 2026 Graduates,,unknown,0,2026-06-30,firstSeen,,2026-06-30,paylocity,https://recruiting.paylocity.com/Recruiting/Jobs/Details/4167953
EwingCole,Lighting Designer II,,unknown,0,2026-06-30,firstSeen,,2026-06-30,paylocity,https://recruiting.paylocity.com/Recruiting/Jobs/Details/4132938
EwingCole,Lighting Designer I,,unknown,0,2026-06-30,firstSeen,,2026-06-30,paylocity,https://recruiting.paylocity.com/Recruiting/Jobs/Details/4132901
EwingCole,Interior Designer III - Healthcare Practice,,unknown,0,2026-06-30,firstSeen,,2026-06-30,paylocity,https://recruiting.paylocity.com/Recruiting/Jobs/Details/4115481
BIG (Bjarke Ingels Group),TitleJunior DesignerDepartmentArchitectsLocationLos Angeles,,unknown,0,2026-06-30,firstSeen,,2026-06-30,custom,https://bjarkeingelsgroup.careers.hibob.com/jobs/afc15bb1-1301-43c6-8b57-66c47a5d9e5f/apply
BIG (Bjarke Ingels Group),TitleSenior Architect (Florida Licensed)DepartmentArchitectsLocationNew York,,unknown,0,2026-06-30,firstSeen,,2026-06-30,custom,https://bjarkeingelsgroup.careers.hibob.com/jobs/b232d913-c8aa-4543-bc4f-290ac67b8766/apply
BIG (Bjarke Ingels Group),TitleSenior Architect – Hospitality SpecialistDepartmentArchitectsLocationBarcelona,,unknown,0,2026-06-30,firstSeen,,2026-06-30,custom,https://bjarkeingelsgroup.careers.hibob.com/jobs/87676c89-0503-488c-9cd3-771e5254a4b8/apply
BIG (Bjarke Ingels Group),TitleSenior Architect – Tower SpecialistDepartmentArchitectsLocationBarcelona,,unknown,0,2026-06-30,firstSeen,,2026-06-30,custom,https://bjarkeingelsgroup.careers.hibob.com/jobs/4a0cac08-f164-4288-9286-86cd78cdfbc8/apply
BIG (Bjarke Ingels Group),TitleSenior Architect. On-site Project in CyprusDepartmentArchitectsLocationBarcelona,,unknown,0,2026-06-30,firstSeen,,2026-06-30,custom,https://bjarkeingelsgroup.careers.hibob.com/jobs/79d84eee-37a8-4932-9a28-8bd763a16db5/apply
BIG (Bjarke Ingels Group),TitleJunior Landscape DesignerDepartmentLandscapeLocationNew York,,unknown,0,2026-06-30,firstSeen,,2026-06-30,custom,https://bjarkeingelsgroup.careers.hibob.com/jobs/873b6ab0-95ea-4590-9e2e-e8ddd738e732/apply
BIG (Bjarke Ingels Group),TitleSenior ArchitectDepartmentArchitectsLocationBarcelona,,unknown,0,2026-06-30,firstSeen,,2026-06-30,custom,https://bjarkeingelsgroup.careers.hibob.com/jobs/33803bb9-1e47-4488-b717-cfe4c97ca5c1/apply
BIG (Bjarke Ingels Group),TitleSenior ArchitectDepartmentArchitectsLocationLos Angeles,,unknown,0,2026-06-30,firstSeen,,2026-06-30,custom,https://bjarkeingelsgroup.careers.hibob.com/jobs/1b9362ae-2b5b-4886-9593-0166d6a184ad/apply
BIG (Bjarke Ingels Group),TitleLandscape Architect/DesignerDepartmentLandscapeLocationNew York,,unknown,0,2026-06-30,firstSeen,,2026-06-30,custom,https://bjarkeingelsgroup.careers.hibob.com/jobs/8aea5b84-ae9d-495a-8a9c-052629881d17/apply
BIG (Bjarke Ingels Group),TitleSenior ArchitectDepartmentArchitectsLocationNew York,,unknown,0,2026-06-30,firstSeen,,2026-06-30,custom,https://bjarkeingelsgroup.careers.hibob.com/jobs/3c4c0e60-1678-42bc-9f6c-57d9fffcd753/apply
BIG (Bjarke Ingels Group),TitleConstructing ArchitectDepartmentArchitectsLocationBarcelona,,unknown,0,2026-06-30,firstSeen,,2026-06-30,custom,https://bjarkeingelsgroup.careers.hibob.com/jobs/14023d26-7f98-42ff-b1dc-52c17a8aa63a/apply
BIG (Bjarke Ingels Group),TitleSenior Architect with façade experienceDepartmentArchitectsLocationBarcelona,,unknown,0,2026-06-30,firstSeen,,2026-06-30,custom,https://bjarkeingelsgroup.careers.hibob.com/jobs/50199354-03cf-4950-adfb-b4dfc7c8f7de/apply
BIG (Bjarke Ingels Group),TitleInterior DesignerDepartmentInteriorLocationNew York,,unknown,0,2026-06-30,firstSeen,,2026-06-30,custom,https://bjarkeingelsgroup.careers.hibob.com/jobs/fe730ec7-ce34-4bae-9356-8d3ee8948c94/apply
Gensler,Architect- Workplace - Hospitality - Mixed Use,"Tampa, FL, US",us,1,2026-06-29,posted,Posted Yesterday,2026-06-30,workday,https://gensler.wd1.myworkdayjobs.com/job/Tampa-FL-US/Architect--Workplace---Hospitality---Mixed-Use_R-17864
Gensler,Technical Designer - Junior,"Washington, DC, US",us,1,2026-06-29,posted,Posted Yesterday,2026-06-30,workday,https://gensler.wd1.myworkdayjobs.com/job/Washington-DC-US/Technical-Designer---Junior_R-17433
Gensler,Project Architect,"Washington, DC, US",us,1,2026-06-29,posted,Posted Yesterday,2026-06-30,workday,https://gensler.wd1.myworkdayjobs.com/job/Washington-DC-US/Project-Architect_R-17970
Gensler,Designer - Interiors - Mid-Senior Level,"Columbus, OH, US",us,1,2026-06-29,posted,Posted Yesterday,2026-06-30,workday,https://gensler.wd1.myworkdayjobs.com/job/Columbus-OH-US/Designer---Healthcare-Interiors---Mid-Level_R-17463
Perkins & Will,BIM Manager,Toronto,foreign,1,2026-06-29,posted,2026-06-29T20:03:08.554Z,2026-06-30,ultipro,https://recruiting2.ultipro.com/PER1007PWILL/JobBoard/0ca393a4-bf82-4db6-acae-91e6a0315a4a/OpportunityDetail?opportunityId=d38dbb9c-6e49-4568-a1f8-0c5344393a17
Perkins & Will,Designer III,Houston,us,1,2026-06-29,posted,2026-06-29T16:39:22.177Z,2026-06-30,ultipro,https://recruiting2.ultipro.com/PER1007PWILL/JobBoard/0ca393a4-bf82-4db6-acae-91e6a0315a4a/OpportunityDetail?opportunityId=e00b123f-413f-45df-88fd-2ea612d58ff1
Stantec,Architectural Designer,"Charlottesville, VA, United States",us,1,2026-06-29,posted,2026-06-29,2026-06-30,oracle-cloud,https://hdhl.fa.us6.oraclecloud.com/hcmUI/CandidateExperience/en/sites/CX_1/job/1006499
AECOM,Senior Revit BIM Modeller – ICT & Security,"Fortitude Valley, QLD, au",foreign,1,2026-06-29,posted,2026-06-29T22:06:27.591Z,2026-06-30,smartrecruiters,https://jobs.smartrecruiters.com/AECOM2/https://api.smartrecruiters.com/v1/companies/AECOM2/postings/744000134886770
AECOM,Senior Project Manager- Architecture/Engineering,"Los Angeles, CA, us",us,1,2026-06-29,posted,2026-06-29T20:34:26.197Z,2026-06-30,smartrecruiters,https://jobs.smartrecruiters.com/AECOM2/https://api.smartrecruiters.com/v1/companies/AECOM2/postings/744000134875854
AECOM,Architectural Project Manager- Sports Venues,"Dallas, TX, us",us,1,2026-06-29,posted,2026-06-29T20:25:35.894Z,2026-06-30,smartrecruiters,https://jobs.smartrecruiters.com/AECOM2/https://api.smartrecruiters.com/v1/companies/AECOM2/postings/744000134875689
AECOM,Architectural Project Manager- Sports Venues,"Los Angeles, CA, us",us,1,2026-06-29,posted,2026-06-29T20:25:13.035Z,2026-06-30,smartrecruiters,https://jobs.smartrecruiters.com/AECOM2/https://api.smartrecruiters.com/v1/companies/AECOM2/postings/744000134875639
AECOM,Architectural Project Manager- Sports Venues,"Kansas City, MO, us",us,1,2026-06-29,posted,2026-06-29T19:55:47.498Z,2026-06-30,smartrecruiters,https://jobs.smartrecruiters.com/AECOM2/https://api.smartrecruiters.com/v1/companies/AECOM2/postings/744000134871144
AECOM,Senior Interior Designer,"Chicago, IL, us",us,1,2026-06-29,posted,2026-06-29T19:10:35.919Z,2026-06-30,smartrecruiters,https://jobs.smartrecruiters.com/AECOM2/https://api.smartrecruiters.com/v1/companies/AECOM2/postings/744000134864549
AECOM,Lead Architect (Data Center),"Bucharest, 11-15 TIPOGRAFILOR S, ro",foreign,1,2026-06-29,posted,2026-06-29T15:14:09.480Z,2026-06-30,smartrecruiters,https://jobs.smartrecruiters.com/AECOM2/https://api.smartrecruiters.com/v1/companies/AECOM2/postings/744000134823178
AECOM,Commercial Sector Architectural Lead,"Kitchener, ON, ca",foreign,1,2026-06-29,posted,2026-06-29T15:12:32.455Z,2026-06-30,smartrecruiters,https://jobs.smartrecruiters.com/AECOM2/https://api.smartrecruiters.com/v1/companies/AECOM2/postings/744000134822082
AECOM,Senior Architectural Technologist,"Kitchener, ON, ca",foreign,1,2026-06-29,posted,2026-06-29T15:11:54.187Z,2026-06-30,smartrecruiters,https://jobs.smartrecruiters.com/AECOM2/https://api.smartrecruiters.com/v1/companies/AECOM2/postings/744000134822499
AECOM,Intermediate Architectural Technologist,"Kitchener, ON, ca",foreign,1,2026-06-29,posted,2026-06-29T15:11:22.491Z,2026-06-30,smartrecruiters,https://jobs.smartrecruiters.com/AECOM2/https://api.smartrecruiters.com/v1/companies/AECOM2/postings/744000134822319
AECOM,BIM & Digital Specialist,"Madrid, es",foreign,1,2026-06-29,posted,2026-06-29T13:54:41.609Z,2026-06-30,smartrecruiters,https://jobs.smartrecruiters.com/AECOM2/https://api.smartrecruiters.com/v1/companies/AECOM2/postings/744000134802749
AECOM,Coordinador/a BIM MEP,"Barcelona, es",foreign,1,2026-06-29,posted,2026-06-29T11:22:53.450Z,2026-06-30,smartrecruiters,https://jobs.smartrecruiters.com/AECOM2/https://api.smartrecruiters.com/v1/companies/AECOM2/postings/744000134764360
AECOM,BIM Manager - Nuclear,"Warrington, gb",foreign,1,2026-06-29,posted,2026-06-29T09:45:08.653Z,2026-06-30,smartrecruiters,https://jobs.smartrecruiters.com/AECOM2/https://api.smartrecruiters.com/v1/companies/AECOM2/postings/744000134744069
AECOM,BIM Manager - Energy,"Glasgow, gb",foreign,1,2026-06-29,posted,2026-06-29T09:44:37.776Z,2026-06-30,smartrecruiters,https://jobs.smartrecruiters.com/AECOM2/https://api.smartrecruiters.com/v1/companies/AECOM2/postings/744000134743959
AECOM,BIM Manager - Energy,"Edinburgh, gb",foreign,1,2026-06-29,posted,2026-06-29T09:44:14.467Z,2026-06-30,smartrecruiters,https://jobs.smartrecruiters.com/AECOM2/https://api.smartrecruiters.com/v1/companies/AECOM2/postings/744000134742575
AECOM,BIM Manager,"Riyadh, SA, sa",foreign,1,2026-06-29,posted,2026-06-29T09:26:49.411Z,2026-06-30,smartrecruiters,https://jobs.smartrecruiters.com/AECOM2/https://api.smartrecruiters.com/v1/companies/AECOM2/postings/744000134739769
AECOM,Chief BIM Modeller - Highways,"Centurion, 263A WEST AVENUE, za",foreign,1,2026-06-29,posted,2026-06-29T08:39:29.705Z,2026-06-30,smartrecruiters,https://jobs.smartrecruiters.com/AECOM2/https://api.smartrecruiters.com/v1/companies/AECOM2/postings/744000134728599
AECOM,Inspector - Architectural,"Abu Dhabi, UAE, ae",foreign,1,2026-06-29,posted,2026-06-29T07:48:57.935Z,2026-06-30,smartrecruiters,https://jobs.smartrecruiters.com/AECOM2/https://api.smartrecruiters.com/v1/companies/AECOM2/postings/744000134716306
AECOM,Deputy Designer - BIM Electrical,"Gurugram, HARYANA, in",foreign,1,2026-06-29,posted,2026-06-29T07:42:31.480Z,2026-06-30,smartrecruiters,https://jobs.smartrecruiters.com/AECOM2/https://api.smartrecruiters.com/v1/companies/AECOM2/postings/744000134714267
AECOM,Assistant Landscape Architect - Architecture,"Gurugram, HARYANA, in",foreign,1,2026-06-29,posted,2026-06-29T06:36:11.157Z,2026-06-30,smartrecruiters,https://jobs.smartrecruiters.com/AECOM2/https://api.smartrecruiters.com/v1/companies/AECOM2/postings/744000134703690
AECOM,Principal Landscape Architect -Architecture,"Bengaluru, KA, in",foreign,1,2026-06-29,posted,2026-06-29T06:26:04.894Z,2026-06-30,smartrecruiters,https://jobs.smartrecruiters.com/AECOM2/https://api.smartrecruiters.com/v1/companies/AECOM2/postings/744000134702779
AECOM,Principal Designer - BIM Electrical,"Gurugram, HARYANA, in",foreign,1,2026-06-29,posted,2026-06-29T05:39:32.796Z,2026-06-30,smartrecruiters,https://jobs.smartrecruiters.com/AECOM2/https://api.smartrecruiters.com/v1/companies/AECOM2/postings/744000134696410
AECOM,"Senior BIM Modeler, MEP","Bukit Damansara, my",foreign,1,2026-06-29,posted,2026-06-29T03:56:22.542Z,2026-06-30,smartrecruiters,https://jobs.smartrecruiters.com/AECOM2/https://api.smartrecruiters.com/v1/companies/AECOM2/postings/744000134691129
AECOM,"Project BIM Modeler, M&E","Bukit Damansara, my",foreign,1,2026-06-29,posted,2026-06-29T02:13:42.317Z,2026-06-30,smartrecruiters,https://jobs.smartrecruiters.com/AECOM2/https://api.smartrecruiters.com/v1/companies/AECOM2/postings/744000134683821
Goody Clancy,Designer—Level 3 - Goody Clancy,,unknown,1,2026-06-29,posted,2026-06-29T15:04:29+00:00,2026-06-30,custom,https://www.goodyclancy.com/career/designer-level-3/
WSP USA,"Engineering Drafter/Designer, Nuclear","Toronto, ON, Canada",foreign,1,2026-06-29,posted,2026-06-29,2026-06-30,oracle-cloud,https://emit.fa.ca3.oraclecloud.com/hcmUI/CandidateExperience/en/sites/CX_2001/job/89697
WSP USA,"Early Professional, Transmission Line Engineer/Designer","Edmonton, AB, Canada",foreign,1,2026-06-29,posted,2026-06-29,2026-06-30,oracle-cloud,https://emit.fa.ca3.oraclecloud.com/hcmUI/CandidateExperience/en/sites/CX_2001/job/90088
Perkins & Will,Senior Interior Designer,London,foreign,2,2026-06-28,posted,2026-06-28T23:06:10.394Z,2026-06-30,ultipro,https://recruiting2.ultipro.com/PER1007PWILL/JobBoard/0ca393a4-bf82-4db6-acae-91e6a0315a4a/OpportunityDetail?opportunityId=92929d52-a174-46e7-8368-198e919a6f70
Perkins & Will,Intermediate Interior Designer,London,foreign,2,2026-06-28,posted,2026-06-28T23:05:57.59Z,2026-06-30,ultipro,https://recruiting2.ultipro.com/PER1007PWILL/JobBoard/0ca393a4-bf82-4db6-acae-91e6a0315a4a/OpportunityDetail?opportunityId=e7ff1d8a-73ec-4714-afbe-d96e36226ab9
Gensler,Technical Designer - Mid Level,"Boston, MA, US",us,3,2026-06-27,posted,Posted 3 Days Ago,2026-06-30,workday,https://gensler.wd1.myworkdayjobs.com/job/Boston-MA-US/Technical-Designer---Mid-Level_R-17958
Gensler,Technical Designer - Junior,"Seattle, WA, US",us,4,2026-06-26,posted,Posted 4 Days Ago,2026-06-30,workday,https://gensler.wd1.myworkdayjobs.com/job/Seattle-WA-US/Technical-Designer---Critical-Facilities---Junior_R-16759
Gensler,Technical Designer - Junior,"San Jose, CA, US",us,4,2026-06-26,posted,Posted 4 Days Ago,2026-06-30,workday,https://gensler.wd1.myworkdayjobs.com/job/San-Jose-CA-US/Technical-Designer---Junior_R-17968
Gensler,Project Architect,"Detroit, MI, US",us,4,2026-06-26,posted,Posted 4 Days Ago,2026-06-30,workday,https://gensler.wd1.myworkdayjobs.com/job/Detroit-MI-US/Project-Architect---Senior_R-15374
Gensler,Technical Designer - Cities - Mid Level,"Austin, TX, US",us,4,2026-06-26,posted,Posted 4 Days Ago,2026-06-30,workday,https://gensler.wd1.myworkdayjobs.com/job/Austin-TX-US/Technical-Designer---Cities---Mid-Level_R-17959
AECOM,BIM Coordinator - Digital (Data Centers),"Bogota, COLOMBIA, co",foreign,4,2026-06-26,posted,2026-06-26T15:49:54.737Z,2026-06-30,smartrecruiters,https://jobs.smartrecruiters.com/AECOM2/https://api.smartrecruiters.com/v1/companies/AECOM2/postings/744000134509289
AECOM,BIM Coordinator - Digital (Data Centers),"Bogota, COLOMBIA, co",foreign,4,2026-06-26,posted,2026-06-26T15:44:16.201Z,2026-06-30,smartrecruiters,https://jobs.smartrecruiters.com/AECOM2/https://api.smartrecruiters.com/v1/companies/AECOM2/postings/744000134507779
AECOM,Senior BIM Coordinator - Digital (Data centers),"Bogota, COLOMBIA, co",foreign,4,2026-06-26,posted,2026-06-26T15:43:30.486Z,2026-06-30,smartrecruiters,https://jobs.smartrecruiters.com/AECOM2/https://api.smartrecruiters.com/v1/companies/AECOM2/postings/744000134507699
AECOM,BIM Modeling Mechanical (Data Center),"Bucharest, 11-15 TIPOGRAFILOR S, ro",foreign,4,2026-06-26,posted,2026-06-26T10:39:24.059Z,2026-06-30,smartrecruiters,https://jobs.smartrecruiters.com/AECOM2/https://api.smartrecruiters.com/v1/companies/AECOM2/postings/744000134444339
AECOM,Principal Architect- Architecture,"Gurugram, HARYANA, in",foreign,4,2026-06-26,posted,2026-06-26T08:37:25.618Z,2026-06-30,smartrecruiters,https://jobs.smartrecruiters.com/AECOM2/https://api.smartrecruiters.com/v1/companies/AECOM2/postings/744000134421379
AECOM,Design Engineer - Building Architect,"Dubai, UAE, ae",foreign,4,2026-06-26,posted,2026-06-26T07:57:23.303Z,2026-06-30,smartrecruiters,https://jobs.smartrecruiters.com/AECOM2/https://api.smartrecruiters.com/v1/companies/AECOM2/postings/744000134414680
AECOM,Graduate - Landscape Architect,"Dubai, UAE, ae",foreign,4,2026-06-26,posted,2026-06-26T07:14:15.378Z,2026-06-30,smartrecruiters,https://jobs.smartrecruiters.com/AECOM2/https://api.smartrecruiters.com/v1/companies/AECOM2/postings/744000134407599
WSP USA,Technical Director (WSP Architecture),"Birmingham, West Midlands, United Kingdom",foreign,4,2026-06-26,posted,2026-06-26,2026-06-30,oracle-cloud,https://emit.fa.ca3.oraclecloud.com/hcmUI/CandidateExperience/en/sites/CX_2001/job/89305
WSP USA,Senior BIM Technician - Structures,"Bengaluru, Karnataka, India",foreign,4,2026-06-26,posted,2026-06-26,2026-06-30,oracle-cloud,https://emit.fa.ca3.oraclecloud.com/hcmUI/CandidateExperience/en/sites/CX_2001/job/89475
WSP USA,Process Architect - Engineer / Senior level,"Greater Manchester, United Kingdom",foreign,4,2026-06-26,posted,2026-06-26,2026-06-30,oracle-cloud,https://emit.fa.ca3.oraclecloud.com/hcmUI/CandidateExperience/en/sites/CX_2001/job/89500
WSP USA,Team Leader - BIM,"Bengaluru, Karnataka, India",foreign,4,2026-06-26,posted,2026-06-26,2026-06-30,oracle-cloud,https://emit.fa.ca3.oraclecloud.com/hcmUI/CandidateExperience/en/sites/CX_2001/job/89647
WSP USA,Civil & Earthworks Junior Designer,"Reno, NV, United States",us,4,2026-06-26,posted,2026-06-26,2026-06-30,oracle-cloud,https://emit.fa.ca3.oraclecloud.com/hcmUI/CandidateExperience/en/sites/CX_2001/job/89883
WATG,Designer - Interiors,New York,us,4,2026-06-26,posted,2026-06-26T18:27:53.28Z,2026-06-30,ultipro,https://recruiting2.ultipro.com/WAT1003WATG/JobBoard/40a8f4fc-f7d8-4099-97da-169f37ab8e95/OpportunityDetail?opportunityId=8819573c-4ddf-4f74-9d32-63c615e1bfd3
WATG,Sustainability Designer II,Los Angeles,us,4,2026-06-26,posted,2026-06-26T13:10:15.58Z,2026-06-30,ultipro,https://recruiting2.ultipro.com/WAT1003WATG/JobBoard/40a8f4fc-f7d8-4099-97da-169f37ab8e95/OpportunityDetail?opportunityId=46f12284-1c59-4e83-8b8f-23962ba7757b
Gensler,Technical Designer - Retail & Hospitality - Mid Level,"Oakland, CA, US",us,5,2026-06-25,posted,Posted 5 Days Ago,2026-06-30,workday,https://gensler.wd1.myworkdayjobs.com/job/Oakland-CA-US/Technical-Designer---Lifestyle_R-17735
Gensler,Architect - Junior,"Santo Domingo, Dominican Republic",foreign,5,2026-06-25,posted,Posted 5 Days Ago,2026-06-30,workday,https://gensler.wd1.myworkdayjobs.com/job/Santo-Domingo-Dominican-Republic/Architect---Junior_R-17961
Gensler,Architect - Interior Architecture,"Santo Domingo, Dominican Republic",foreign,5,2026-06-25,posted,Posted 5 Days Ago,2026-06-30,workday,https://gensler.wd1.myworkdayjobs.com/job/Santo-Domingo-Dominican-Republic/Architect---Interior-Architecture_R-17929
Gensler,Project Manager - Architecture,"Santo Domingo, Dominican Republic",foreign,5,2026-06-25,posted,Posted 5 Days Ago,2026-06-30,workday,https://gensler.wd1.myworkdayjobs.com/job/Santo-Domingo-Dominican-Republic/Project-Manager---Architecture_R-17962
Gensler,BIM Modelers – Critical Facilities,"Sydney, Australia",foreign,5,2026-06-25,posted,Posted 5 Days Ago,2026-06-30,workday,https://gensler.wd1.myworkdayjobs.com/job/Sydney-Australia/BIM-Modelers---Critical-Facilities_R-17920
Gensler,Project Architect - Sports & Entertainment - Senior,"Sydney, Australia",foreign,5,2026-06-25,posted,Posted 5 Days Ago,2026-06-30,workday,https://gensler.wd1.myworkdayjobs.com/job/Sydney-Australia/Project-Architect---Sports---Entertainment---Senior_R-17517
Gensler,Architectural Designer (m/f/d),"Munich, Germany",foreign,5,2026-06-25,posted,Posted 5 Days Ago,2026-06-30,workday,https://gensler.wd1.myworkdayjobs.com/job/Munich-Germany/Architectural-Designer--m-f-d-_R-17954
Perkins & Will,Senior Interior Designer,Durham,us,5,2026-06-25,posted,2026-06-25T17:26:23.657Z,2026-06-30,ultipro,https://recruiting2.ultipro.com/PER1007PWILL/JobBoard/0ca393a4-bf82-4db6-acae-91e6a0315a4a/OpportunityDetail?opportunityId=3f7ffad3-d783-4600-b140-42d536f4d320
Stantec,Architectural Designer,"Pittsburgh, PA, United States",us,5,2026-06-25,posted,2026-06-25,2026-06-30,oracle-cloud,https://hdhl.fa.us6.oraclecloud.com/hcmUI/CandidateExperience/en/sites/CX_1/job/1006358
Stantec,"Entry Level Designer/Mechanical EIT - San Francisco, CA","San Francisco, CA, United States",us,5,2026-06-25,posted,2026-06-25,2026-06-30,oracle-cloud,https://hdhl.fa.us6.oraclecloud.com/hcmUI/CandidateExperience/en/sites/CX_1/job/1006452
AECOM,Senior CADD/BrIM Technician/Designer - Bridge Design,"Omaha, NE, us",us,5,2026-06-25,posted,2026-06-25T12:27:47.248Z,2026-06-30,smartrecruiters,https://jobs.smartrecruiters.com/AECOM2/https://api.smartrecruiters.com/v1/companies/AECOM2/postings/744000134254559
AECOM,Inspector - Architectural,"Ras al Khaimah, UAE, ae",foreign,5,2026-06-25,posted,2026-06-25T11:40:34.587Z,2026-06-30,smartrecruiters,https://jobs.smartrecruiters.com/AECOM2/https://api.smartrecruiters.com/v1/companies/AECOM2/postings/744000134243280
AECOM,Principal Architect,"Gurgaon, in",foreign,5,2026-06-25,posted,2026-06-25T07:03:25.259Z,2026-06-30,smartrecruiters,https://jobs.smartrecruiters.com/AECOM2/https://api.smartrecruiters.com/v1/companies/AECOM2/postings/744000134184679
AECOM,Designer Mechanical- Wastewater,"Mumbai, TIMES SQUARE, in",foreign,5,2026-06-25,posted,2026-06-25T03:57:15.861Z,2026-06-30,smartrecruiters,https://jobs.smartrecruiters.com/AECOM2/https://api.smartrecruiters.com/v1/companies/AECOM2/postings/744000134167969
WSP USA,Senior BIM Technician - Bridges,"Karnataka, India",foreign,5,2026-06-25,posted,2026-06-25,2026-06-30,oracle-cloud,https://emit.fa.ca3.oraclecloud.com/hcmUI/CandidateExperience/en/sites/CX_2001/job/85582
WSP USA,"Designer, Cable Containment, Rail and Transit","Toronto, ON, Canada",foreign,5,2026-06-25,posted,2026-06-25,2026-06-30,oracle-cloud,https://emit.fa.ca3.oraclecloud.com/hcmUI/CandidateExperience/en/sites/CX_2001/job/89581
WSP USA,BIM Engineer - Building Technology Systems,"Bengaluru, Karnataka, India",foreign,5,2026-06-25,posted,2026-06-25,2026-06-30,oracle-cloud,https://emit.fa.ca3.oraclecloud.com/hcmUI/CandidateExperience/en/sites/CX_2001/job/89719
WSP USA,BIM Technician Process Mechanical,"Bengaluru, Karnataka, India",foreign,5,2026-06-25,posted,2026-06-25,2026-06-30,oracle-cloud,https://emit.fa.ca3.oraclecloud.com/hcmUI/CandidateExperience/en/sites/CX_2001/job/89756
WSP USA,Telecommunications Designer,"Herndon, VA, United States",us,5,2026-06-25,posted,2026-06-25,2026-06-30,oracle-cloud,https://emit.fa.ca3.oraclecloud.com/hcmUI/CandidateExperience/en/sites/CX_2001/job/89871
Gensler,Architect - Workplace Interiors - Senior,"Houston, TX, US",us,6,2026-06-24,posted,Posted 6 Days Ago,2026-06-30,workday,https://gensler.wd1.myworkdayjobs.com/job/Houston-TX-US/Architect---Workplace-Interiors---Senior_R-17940-1
Gensler,BIM Operator – Critical Facilities,"Tokyo, Japan",foreign,6,2026-06-24,posted,Posted 6 Days Ago,2026-06-30,workday,https://gensler.wd1.myworkdayjobs.com/job/Tokyo-Japan/BIM-Operator---Critical-Facilities_R-17930
Stantec,Interior Designer - Buildings Government Services,"Arlington, VA, United States",us,6,2026-06-24,posted,2026-06-24,2026-06-30,oracle-cloud,https://hdhl.fa.us6.oraclecloud.com/hcmUI/CandidateExperience/en/sites/CX_1/job/1006444
AECOM,Designer Mechanical- Wastewater,"Gurugram, HARYANA, in",foreign,6,2026-06-24,posted,2026-06-24T13:51:10.404Z,2026-06-30,smartrecruiters,https://jobs.smartrecruiters.com/AECOM2/https://api.smartrecruiters.com/v1/companies/AECOM2/postings/744000133957909
AECOM,"Control System Designer, Data Centers - Remote (U.S.)","Arlington, VA, us",us,6,2026-06-24,posted,2026-06-24T12:48:49.266Z,2026-06-30,smartrecruiters,https://jobs.smartrecruiters.com/AECOM2/https://api.smartrecruiters.com/v1/companies/AECOM2/postings/744000133940220
AECOM,Lead Landscape Architect,"Bengaluru, KA, in",foreign,6,2026-06-24,posted,2026-06-24T12:32:12.831Z,2026-06-30,smartrecruiters,https://jobs.smartrecruiters.com/AECOM2/https://api.smartrecruiters.com/v1/companies/AECOM2/postings/744000133937369
AECOM,Technical Director of Architecture (Nuclear Facilities),"Birmingham, West Midlands, gb",foreign,6,2026-06-24,posted,2026-06-24T10:16:17.614Z,2026-06-30,smartrecruiters,https://jobs.smartrecruiters.com/AECOM2/https://api.smartrecruiters.com/v1/companies/AECOM2/postings/744000133910759
AECOM,Technical Director of Architecture (Nuclear Facilities),"London, London, gb",foreign,6,2026-06-24,posted,2026-06-24T10:12:34.108Z,2026-06-30,smartrecruiters,https://jobs.smartrecruiters.com/AECOM2/https://api.smartrecruiters.com/v1/companies/AECOM2/postings/744000133909380
AECOM,Technologist - Architecture (Data Centre),"Durban, 3RD FLOOR NCONDO CHAMBE, za",foreign,6,2026-06-24,posted,2026-06-24T09:48:00.955Z,2026-06-30,smartrecruiters,https://jobs.smartrecruiters.com/AECOM2/https://api.smartrecruiters.com/v1/companies/AECOM2/postings/744000133905589
AECOM,Landscape Architect - Architecture,"Bengaluru, KA, in",foreign,6,2026-06-24,posted,2026-06-24T08:06:19.383Z,2026-06-30,smartrecruiters,https://jobs.smartrecruiters.com/AECOM2/https://api.smartrecruiters.com/v1/companies/AECOM2/postings/744000133884999
AECOM,Associate Director - BIM (Energy),"Bengaluru, KA, in",foreign,6,2026-06-24,posted,2026-06-24T07:26:17.415Z,2026-06-30,smartrecruiters,https://jobs.smartrecruiters.com/AECOM2/https://api.smartrecruiters.com/v1/companies/AECOM2/postings/744000133872935
WSP USA,Packaging & Material Handling System Designer,"Meridian, ID, United States",us,6,2026-06-24,posted,2026-06-24,2026-06-30,oracle-cloud,https://emit.fa.ca3.oraclecloud.com/hcmUI/CandidateExperience/en/sites/CX_2001/job/89236
WSP USA,Lead BIM Technician - Waste Water,"Mumbai, Maharashtra, India",foreign,6,2026-06-24,posted,2026-06-24,2026-06-30,oracle-cloud,https://emit.fa.ca3.oraclecloud.com/hcmUI/CandidateExperience/en/sites/CX_2001/job/89718
WATG,Intermediate Designer,Los Angeles,us,6,2026-06-24,posted,2026-06-24T17:35:10.345Z,2026-06-30,ultipro,https://recruiting2.ultipro.com/WAT1003WATG/JobBoard/40a8f4fc-f7d8-4099-97da-169f37ab8e95/OpportunityDetail?opportunityId=b70556f0-1366-4279-8a20-e6b60c4bc95b
Gensler,Designer - Retail & Hospitality - Mid Level,"Oakland, CA, US",us,7,2026-06-23,posted,Posted 7 Days Ago,2026-06-30,workday,https://gensler.wd1.myworkdayjobs.com/job/Oakland-CA-US/Designer---Lifestyle--Retail---Hospitality----Mid-Level_R-17800
Gensler,Designer - Retail & Hospitality - Senior,"Oakland, CA, US",us,7,2026-06-23,posted,Posted 7 Days Ago,2026-06-30,workday,https://gensler.wd1.myworkdayjobs.com/job/Oakland-CA-US/Designer---Lifestyle--Retail---Hospitality----Senior_R-17801
Gensler,Project Architect - Retail & Hospitality - Senior,"Oakland, CA, US",us,7,2026-06-23,posted,Posted 7 Days Ago,2026-06-30,workday,https://gensler.wd1.myworkdayjobs.com/job/Oakland-CA-US/Project-Architect---Retail_R-17207
Gensler,Technical Designer – Junior,"Atlanta, GA, US",us,7,2026-06-23,posted,Posted 7 Days Ago,2026-06-30,workday,https://gensler.wd1.myworkdayjobs.com/job/Atlanta-GA-US/Technical-Designer---Junior_R-17185
Gensler,Architect - Senior,"Raleigh, NC, US",us,7,2026-06-23,posted,Posted 7 Days Ago,2026-06-30,workday,https://gensler.wd1.myworkdayjobs.com/job/Raleigh-NC-US/Architect---Senior_R-17441
Gensler,Project Architect –  Mid Level,"Newport Beach, CA, US",us,7,2026-06-23,posted,Posted 7 Days Ago,2026-06-30,workday,https://gensler.wd1.myworkdayjobs.com/job/Newport-Beach-CA-US/Project-Architect---Work---Mid-Level_R-17855
Gensler,Architect - Critical Facilities - Mid Level,"Kansas City, MO, US",us,7,2026-06-23,posted,Posted 7 Days Ago,2026-06-30,workday,https://gensler.wd1.myworkdayjobs.com/job/Kansas-City-MO-US/Architect---Critical-Facilities---Mid-Level_R-17942
Gensler,Architect - Mid Level,"San Antonio, TX, US",us,7,2026-06-23,posted,Posted 7 Days Ago,2026-06-30,workday,https://gensler.wd1.myworkdayjobs.com/job/San-Antonio-TX-US/Architect---Mid-Level_R-17945
Gensler,Interior Designer - Mid Level,"San Antonio, TX, US",us,7,2026-06-23,posted,Posted 7 Days Ago,2026-06-30,workday,https://gensler.wd1.myworkdayjobs.com/job/San-Antonio-TX-US/Interior-Designer---Mid-Level_R-17944
Gensler,Designer - Architecture - Senior,"Nashville, TN, US",us,7,2026-06-23,posted,Posted 7 Days Ago,2026-06-30,workday,https://gensler.wd1.myworkdayjobs.com/job/Nashville-TN-US/Designer---Architecture---Senior_R-17946
Gensler,Technical Designer - Mixed-Use/Residential - Senior,"Los Angeles, CA, US",us,7,2026-06-23,posted,Posted 7 Days Ago,2026-06-30,workday,https://gensler.wd1.myworkdayjobs.com/job/Los-Angeles-CA-US/Technical-Designer---Mixed-Use-Residential---Senior_R-17950-1
Gensler,BIM Modelers – Critical Facilities,"Bangkok, Thailand",foreign,7,2026-06-23,posted,Posted 7 Days Ago,2026-06-30,workday,https://gensler.wd1.myworkdayjobs.com/job/Bangkok-Thailand/BIM-Modelers---Critical-Facilities_R-17903
Gensler,Technical Designer - Mid Level,"Bangalore, India",foreign,7,2026-06-23,posted,Posted 7 Days Ago,2026-06-30,workday,https://gensler.wd1.myworkdayjobs.com/job/Bangalore-India/Technical-Designer---Mid-Level_R-17916
Gensler,Project Architect - Core & Shell,"Gurugram, India",foreign,7,2026-06-23,posted,Posted 7 Days Ago,2026-06-30,workday,https://gensler.wd1.myworkdayjobs.com/job/Gurugram-India/Project-Architect---Core---Shell_R-17917
Perkins & Will,Senior Urban Designer - Project Manager,Atlanta,us,7,2026-06-23,posted,2026-06-23T15:14:37.937Z,2026-06-30,ultipro,https://recruiting2.ultipro.com/PER1007PWILL/JobBoard/0ca393a4-bf82-4db6-acae-91e6a0315a4a/OpportunityDetail?opportunityId=c792cb83-1cf6-43d2-9f3e-13e51f69ad6b
HKS Architects,Sr. Project Architect - Mission Critical,6 Locations,unknown,7,2026-06-23,posted,Posted 7 Days Ago,2026-06-30,workday,https://hksinc.wd501.myworkdayjobs.com/job/Seattle/Sr-Project-Architect---Mission-Critical_2026-03283
HKS Architects,Job Captain - Mission Critical,Atlanta,us,7,2026-06-23,posted,Posted 7 Days Ago,2026-06-30,workday,https://hksinc.wd501.myworkdayjobs.com/job/Atlanta/Job-Captain---Mission-Critical_2026-03561
Stantec,Mechanical Project Designer,"Chicago, IL, United States",us,7,2026-06-23,posted,2026-06-23,2026-06-30,oracle-cloud,https://hdhl.fa.us6.oraclecloud.com/hcmUI/CandidateExperience/en/sites/CX_1/job/1006420
Stantec,Senior Interior Designer,"Boston, MA, United States",us,7,2026-06-23,posted,2026-06-23,2026-06-30,oracle-cloud,https://hdhl.fa.us6.oraclecloud.com/hcmUI/CandidateExperience/en/sites/CX_1/job/1006447
AECOM,"Senior Architect (Licensed Building Architect), Data Centers - Remote (U.S.)","Colombus, OH, us",us,7,2026-06-23,posted,2026-06-23T18:11:35.505Z,2026-06-30,smartrecruiters,https://jobs.smartrecruiters.com/AECOM2/https://api.smartrecruiters.com/v1/companies/AECOM2/postings/744000133669571
AECOM,"Senior Architect (Licensed Building Architect), Data Centers - Remote (U.S.)","Phoenix, AZ, us",us,7,2026-06-23,posted,2026-06-23T18:10:36.131Z,2026-06-30,smartrecruiters,https://jobs.smartrecruiters.com/AECOM2/https://api.smartrecruiters.com/v1/companies/AECOM2/postings/744000133672539
AECOM,"Senior Architect (Licensed Building Architect), Data Centers - Remote (U.S.)","Dallas, Texas, us",us,7,2026-06-23,posted,2026-06-23T18:09:43.987Z,2026-06-30,smartrecruiters,https://jobs.smartrecruiters.com/AECOM2/https://api.smartrecruiters.com/v1/companies/AECOM2/postings/744000133671204
AECOM,"Senior Architectural Designer, Data Centers - Remote (U.S.)","Phoenix, Arizona, us",us,7,2026-06-23,posted,2026-06-23T18:01:32.265Z,2026-06-30,smartrecruiters,https://jobs.smartrecruiters.com/AECOM2/https://api.smartrecruiters.com/v1/companies/AECOM2/postings/744000133668296
AECOM,"Senior Architectural Designer, Data Centers - Remote (U.S.)","Dallas, Texas, us",us,7,2026-06-23,posted,2026-06-23T18:00:47.769Z,2026-06-30,smartrecruiters,https://jobs.smartrecruiters.com/AECOM2/https://api.smartrecruiters.com/v1/companies/AECOM2/postings/744000133670538
AECOM,Senior Architect,"Abu Dhabi, UAE, ae",foreign,7,2026-06-23,posted,2026-06-23T12:04:55.016Z,2026-06-30,smartrecruiters,https://jobs.smartrecruiters.com/AECOM2/https://api.smartrecruiters.com/v1/companies/AECOM2/postings/744000133578463
AECOM,Architecture Technician,"Burnaby, BC, ca",foreign,7,2026-06-23,posted,2026-06-23T12:03:24.050Z,2026-06-30,smartrecruiters,https://jobs.smartrecruiters.com/AECOM2/https://api.smartrecruiters.com/v1/companies/AECOM2/postings/744000133575290
AECOM,Architect/Intern Architect,"Burnaby, BC, ca",foreign,7,2026-06-23,posted,2026-06-23T12:02:44.339Z,2026-06-30,smartrecruiters,https://jobs.smartrecruiters.com/AECOM2/https://api.smartrecruiters.com/v1/companies/AECOM2/postings/744000133578029
AECOM,Senior Road Designer,"Adelaide, SA, au",foreign,7,2026-06-23,posted,2026-06-23T01:23:37.060Z,2026-06-30,smartrecruiters,https://jobs.smartrecruiters.com/AECOM2/https://api.smartrecruiters.com/v1/companies/AECOM2/postings/744000133487047
Gensler,Designer - Mid Level,"Houston, TX, US",us,8,2026-06-22,posted,Posted 8 Days Ago,2026-06-30,workday,https://gensler.wd1.myworkdayjobs.com/job/Houston-TX-US/Designer---Mid-Level_R-17924
Gensler,Architect - Cities - Senior,"Seattle, WA, US",us,8,2026-06-22,posted,Posted 8 Days Ago,2026-06-30,workday,https://gensler.wd1.myworkdayjobs.com/job/Seattle-WA-US/Architect---Cities---Senior_R-17928
Gensler,Technical Designer - Senior,"San Jose, CA, US",us,8,2026-06-22,posted,Posted 8 Days Ago,2026-06-30,workday,https://gensler.wd1.myworkdayjobs.com/job/San-Jose-CA-US/Technical-Designer---Senior_R-17661-1
Perkins & Will,Project Architect,Los Angeles,us,8,2026-06-22,posted,2026-06-22T21:36:25.686Z,2026-06-30,ultipro,https://recruiting2.ultipro.com/PER1007PWILL/JobBoard/0ca393a4-bf82-4db6-acae-91e6a0315a4a/OpportunityDetail?opportunityId=e55e029e-2e2a-4d4a-8ca6-7b73c353420c
Perkins & Will,Interior Designer II,Atlanta,us,8,2026-06-22,posted,2026-06-22T19:57:58.506Z,2026-06-30,ultipro,https://recruiting2.ultipro.com/PER1007PWILL/JobBoard/0ca393a4-bf82-4db6-acae-91e6a0315a4a/OpportunityDetail?opportunityId=a94ec597-2955-4772-bbde-9566e8b7a4fc
Perkins & Will,Interior Designer I,Atlanta,us,8,2026-06-22,posted,2026-06-22T19:50:44.852Z,2026-06-30,ultipro,https://recruiting2.ultipro.com/PER1007PWILL/JobBoard/0ca393a4-bf82-4db6-acae-91e6a0315a4a/OpportunityDetail?opportunityId=8b8c9d16-2090-4700-8c71-bd5f93ab2489
Perkins & Will,Urban Designer I,Singapore,foreign,8,2026-06-22,posted,2026-06-22T10:41:23.2Z,2026-06-30,ultipro,https://recruiting2.ultipro.com/PER1007PWILL/JobBoard/0ca393a4-bf82-4db6-acae-91e6a0315a4a/OpportunityDetail?opportunityId=24b2bbe8-93e7-4d28-9b1e-281847465090
HKS Architects,Sr. Architectural Designer - Mission Critical,London,foreign,8,2026-06-22,posted,Posted 8 Days Ago,2026-06-30,workday,https://hksinc.wd501.myworkdayjobs.com/job/London/Sr-Architectural-Designer---Mission-Critical_2026-03643
Stantec,Senior Project Architect - Healthcare,"Phoenix, AZ, United States",us,8,2026-06-22,posted,2026-06-22,2026-06-30,oracle-cloud,https://hdhl.fa.us6.oraclecloud.com/hcmUI/CandidateExperience/en/sites/CX_1/job/1004641
Stantec,Senior Architectural Designer,"Phoenix, AZ, United States",us,8,2026-06-22,posted,2026-06-22,2026-06-30,oracle-cloud,https://hdhl.fa.us6.oraclecloud.com/hcmUI/CandidateExperience/en/sites/CX_1/job/1006418
Stantec,Urban Planner (Designer),"Washington, DC, United States",us,8,2026-06-22,posted,2026-06-22,2026-06-30,oracle-cloud,https://hdhl.fa.us6.oraclecloud.com/hcmUI/CandidateExperience/en/sites/CX_1/job/1006414
AECOM,Associate Director - Project Architect (NSQEP),"Adelaide, SA, au",foreign,8,2026-06-22,posted,2026-06-22T23:29:17.329Z,2026-06-30,smartrecruiters,https://jobs.smartrecruiters.com/AECOM2/https://api.smartrecruiters.com/v1/companies/AECOM2/postings/744000133470209
AECOM,Architect,"Madrid, es",foreign,8,2026-06-22,posted,2026-06-22T14:53:02.978Z,2026-06-30,smartrecruiters,https://jobs.smartrecruiters.com/AECOM2/https://api.smartrecruiters.com/v1/companies/AECOM2/postings/744000133392144
AECOM,Senior Designer - BIM (Bridges),"Gurugram, HR, in",foreign,8,2026-06-22,posted,2026-06-22T11:57:36.032Z,2026-06-30,smartrecruiters,https://jobs.smartrecruiters.com/AECOM2/https://api.smartrecruiters.com/v1/companies/AECOM2/postings/744000133344959
WSP USA,BIM Engineer,"Cambridgeshire, United Kingdom",foreign,8,2026-06-22,posted,2026-06-22,2026-06-30,oracle-cloud,https://emit.fa.ca3.oraclecloud.com/hcmUI/CandidateExperience/en/sites/CX_2001/job/88250
WSP USA,Principal BIM Technician - Mining,"Bengaluru, Karnataka, India",foreign,8,2026-06-22,posted,2026-06-22,2026-06-30,oracle-cloud,https://emit.fa.ca3.oraclecloud.com/hcmUI/CandidateExperience/en/sites/CX_2001/job/88608
WSP USA,BIM Modeler - Digital Innovation,"Noida, Uttar Pradesh, India",foreign,8,2026-06-22,posted,2026-06-22,2026-06-30,oracle-cloud,https://emit.fa.ca3.oraclecloud.com/hcmUI/CandidateExperience/en/sites/CX_2001/job/89378
WSP USA,Senior BIM Coordinator,"Sydney, New South Wales, Australia",foreign,8,2026-06-22,posted,2026-06-22,2026-06-30,oracle-cloud,https://emit.fa.ca3.oraclecloud.com/hcmUI/CandidateExperience/en/sites/CX_2001/job/89534
WSP USA,"BIM Coordinator, Building Services","Sydney, New South Wales, Australia",foreign,8,2026-06-22,posted,2026-06-22,2026-06-30,oracle-cloud,https://emit.fa.ca3.oraclecloud.com/hcmUI/CandidateExperience/en/sites/CX_2001/job/89535
WSP USA,Lead Architect - Industrial,"Meridian, ID, United States",us,8,2026-06-22,posted,2026-06-22,2026-06-30,oracle-cloud,https://emit.fa.ca3.oraclecloud.com/hcmUI/CandidateExperience/en/sites/CX_2001/job/89578
WSP USA,Lead Architectural Historian,"Reno, NV, United States",us,8,2026-06-22,posted,2026-06-22,2026-06-30,oracle-cloud,https://emit.fa.ca3.oraclecloud.com/hcmUI/CandidateExperience/en/sites/CX_2001/job/89585
WATG,Sustainability Designer I,Los Angeles,us,8,2026-06-22,posted,2026-06-22T13:32:43.853Z,2026-06-30,ultipro,https://recruiting2.ultipro.com/WAT1003WATG/JobBoard/40a8f4fc-f7d8-4099-97da-169f37ab8e95/OpportunityDetail?opportunityId=a152c309-d830-4c47-a854-7ad98b6274c2
Gensler,Interior Designer - Retail - Mid Level,"Shanghai, China",foreign,11,2026-06-19,posted,Posted 11 Days Ago,2026-06-30,workday,https://gensler.wd1.myworkdayjobs.com/job/Shanghai-China/Interior-Designer---Hospitality---Retail---Mid-Level_R-17550
HKS Architects,Project Interior Designer - Mission Critical,6 Locations,unknown,11,2026-06-19,posted,Posted 11 Days Ago,2026-06-30,workday,https://hksinc.wd501.myworkdayjobs.com/job/Chicago/Project-Interior-Designer---Mission-Critical_2026-03642
HKS Architects,"Job Captain, Interior Design - Mission Critical",2 Locations,unknown,11,2026-06-19,posted,Posted 11 Days Ago,2026-06-30,workday,https://hksinc.wd501.myworkdayjobs.com/job/Chicago/Job-Captain--Interior-Design---Mission-Critical_2026-03537
Stantec,Project Architect,"Pittsburgh, PA, United States",us,11,2026-06-19,posted,2026-06-19,2026-06-30,oracle-cloud,https://hdhl.fa.us6.oraclecloud.com/hcmUI/CandidateExperience/en/sites/CX_1/job/1006357
AECOM,Senior BIM Modeler - Telecommunications (Data Centers),"Bogota, COLOMBIA, co",foreign,11,2026-06-19,posted,2026-06-19T15:40:52.626Z,2026-06-30,smartrecruiters,https://jobs.smartrecruiters.com/AECOM2/https://api.smartrecruiters.com/v1/companies/AECOM2/postings/744000133098721
AECOM,Relocate to Australia: Associate Director - Project Architect (NSQEP),"Bremerton, US, us",us,11,2026-06-19,posted,2026-06-19T11:12:22.034Z,2026-06-30,smartrecruiters,https://jobs.smartrecruiters.com/AECOM2/https://api.smartrecruiters.com/v1/companies/AECOM2/postings/744000133047039
AECOM,Relocate to Australia: Associate Director - Project Architect (NSQEP),"San Diego, US, us",us,11,2026-06-19,posted,2026-06-19T11:11:30.268Z,2026-06-30,smartrecruiters,https://jobs.smartrecruiters.com/AECOM2/https://api.smartrecruiters.com/v1/companies/AECOM2/postings/744000133045120
AECOM,Relocate to Australia: Associate Director - Project Architect (NSQEP),"Seattle, US, us",us,11,2026-06-19,posted,2026-06-19T11:10:40.611Z,2026-06-30,smartrecruiters,https://jobs.smartrecruiters.com/AECOM2/https://api.smartrecruiters.com/v1/companies/AECOM2/postings/744000133046789
AECOM,Relocate to Australia: Associate Director - Project Architect (NSQEP),"Honolulu, US, us",us,11,2026-06-19,posted,2026-06-19T11:10:00.658Z,2026-06-30,smartrecruiters,https://jobs.smartrecruiters.com/AECOM2/https://api.smartrecruiters.com/v1/companies/AECOM2/postings/744000133046574
AECOM,Relocate to Australia: Associate Director - Project Architect (NSQEP),"Groton, US, us",us,11,2026-06-19,posted,2026-06-19T11:09:21.785Z,2026-06-30,smartrecruiters,https://jobs.smartrecruiters.com/AECOM2/https://api.smartrecruiters.com/v1/companies/AECOM2/postings/744000133046679
AECOM,Relocate to Australia: Associate Director - Project Architect (NSQEP),"Faslane, UK, gb",foreign,11,2026-06-19,posted,2026-06-19T11:08:25.746Z,2026-06-30,smartrecruiters,https://jobs.smartrecruiters.com/AECOM2/https://api.smartrecruiters.com/v1/companies/AECOM2/postings/744000133046401
AECOM,Relocate to Australia: Associate Director - Project Architect (NSQEP),"Norfolk, US, us",us,11,2026-06-19,posted,2026-06-19T11:07:14.174Z,2026-06-30,smartrecruiters,https://jobs.smartrecruiters.com/AECOM2/https://api.smartrecruiters.com/v1/companies/AECOM2/postings/744000133045746
AECOM,Relocate to Australia: Associate Director - Project Architect (NSQEP),"Kings Bay, US, us",us,11,2026-06-19,posted,2026-06-19T11:06:32.492Z,2026-06-30,smartrecruiters,https://jobs.smartrecruiters.com/AECOM2/https://api.smartrecruiters.com/v1/companies/AECOM2/postings/744000133046100
AECOM,Relocate to Australia: Associate Director - Project Architect (NSQEP),"Plymouth, UK, gb",foreign,11,2026-06-19,posted,2026-06-19T11:05:32.498Z,2026-06-30,smartrecruiters,https://jobs.smartrecruiters.com/AECOM2/https://api.smartrecruiters.com/v1/companies/AECOM2/postings/744000133045401
AECOM,Relocate to Australia: Associate Director - Project Architect (NSQEP),"London, UK, gb",foreign,11,2026-06-19,posted,2026-06-19T11:03:42.641Z,2026-06-30,smartrecruiters,https://jobs.smartrecruiters.com/AECOM2/https://api.smartrecruiters.com/v1/companies/AECOM2/postings/744000133044780
AECOM,Associate Director - Project Architect (NSQEP),"Sydney, NSW, au",foreign,11,2026-06-19,posted,2026-06-19T11:02:51.367Z,2026-06-30,smartrecruiters,https://jobs.smartrecruiters.com/AECOM2/https://api.smartrecruiters.com/v1/companies/AECOM2/postings/744000133044365
AECOM,Associate Director - Project Architect (NSQEP),"Perth, WA, au",foreign,11,2026-06-19,posted,2026-06-19T11:02:13.642Z,2026-06-30,smartrecruiters,https://jobs.smartrecruiters.com/AECOM2/https://api.smartrecruiters.com/v1/companies/AECOM2/postings/744000133045039
AECOM,Relocate to Australia: Associate Director – Architecture (NSQEP),"Bremmerton, US, us",us,11,2026-06-19,posted,2026-06-19T10:21:13.021Z,2026-06-30,smartrecruiters,https://jobs.smartrecruiters.com/AECOM2/https://api.smartrecruiters.com/v1/companies/AECOM2/postings/744000133037219
AECOM,Relocate to Australia: Associate Director – Architecture (NSQEP),"San Diego, US, us",us,11,2026-06-19,posted,2026-06-19T10:20:22.334Z,2026-06-30,smartrecruiters,https://jobs.smartrecruiters.com/AECOM2/https://api.smartrecruiters.com/v1/companies/AECOM2/postings/744000133037049
AECOM,Relocate to Australia: Associate Director – Architecture (NSQEP),"Seattle, US, us",us,11,2026-06-19,posted,2026-06-19T10:19:40.733Z,2026-06-30,smartrecruiters,https://jobs.smartrecruiters.com/AECOM2/https://api.smartrecruiters.com/v1/companies/AECOM2/postings/744000133035753
AECOM,Relocate to Australia: Associate Director – Architecture (NSQEP),"Honolulu, US, us",us,11,2026-06-19,posted,2026-06-19T10:19:00.965Z,2026-06-30,smartrecruiters,https://jobs.smartrecruiters.com/AECOM2/https://api.smartrecruiters.com/v1/companies/AECOM2/postings/744000133035944
AECOM,Relocate to Australia: Associate Director – Architecture (NSQEP),"Groton, US, us",us,11,2026-06-19,posted,2026-06-19T10:18:08.875Z,2026-06-30,smartrecruiters,https://jobs.smartrecruiters.com/AECOM2/https://api.smartrecruiters.com/v1/companies/AECOM2/postings/744000133035567
AECOM,Relocate to Australia: Associate Director – Architecture (NSQEP),"Norfolk, US, us",us,11,2026-06-19,posted,2026-06-19T10:17:10.051Z,2026-06-30,smartrecruiters,https://jobs.smartrecruiters.com/AECOM2/https://api.smartrecruiters.com/v1/companies/AECOM2/postings/744000133036469
AECOM,Relocate to Australia: Associate Director – Architecture (NSQEP),"Kings Bay, US, us",us,11,2026-06-19,posted,2026-06-19T10:16:14.339Z,2026-06-30,smartrecruiters,https://jobs.smartrecruiters.com/AECOM2/https://api.smartrecruiters.com/v1/companies/AECOM2/postings/744000133035504
AECOM,Relocate to Australia: Associate Director – Architecture (NSQEP),"London, UK, gb",foreign,11,2026-06-19,posted,2026-06-19T10:15:08.459Z,2026-06-30,smartrecruiters,https://jobs.smartrecruiters.com/AECOM2/https://api.smartrecruiters.com/v1/companies/AECOM2/postings/744000133035300
AECOM,Relocate to Australia: Associate Director – Architecture (NSQEP),"Faslane, UK, gb",foreign,11,2026-06-19,posted,2026-06-19T10:14:13.568Z,2026-06-30,smartrecruiters,https://jobs.smartrecruiters.com/AECOM2/https://api.smartrecruiters.com/v1/companies/AECOM2/postings/744000133035761
AECOM,Relocate to Australia: Associate Director – Architecture (NSQEP),"Plymouth, UK, gb",foreign,11,2026-06-19,posted,2026-06-19T10:12:35.103Z,2026-06-30,smartrecruiters,https://jobs.smartrecruiters.com/AECOM2/https://api.smartrecruiters.com/v1/companies/AECOM2/postings/744000133033530
AECOM,Associate Director – Architecture (NSQEP),"Perth, WA, au",foreign,11,2026-06-19,posted,2026-06-19T10:09:23.214Z,2026-06-30,smartrecruiters,https://jobs.smartrecruiters.com/AECOM2/https://api.smartrecruiters.com/v1/companies/AECOM2/postings/744000133031745
AECOM,Director of Architecture (m/f/d),"Frankfurt am Main, de",foreign,11,2026-06-19,posted,2026-06-19T08:36:03.462Z,2026-06-30,smartrecruiters,https://jobs.smartrecruiters.com/AECOM2/https://api.smartrecruiters.com/v1/companies/AECOM2/postings/744000133016339
AECOM,BIM-Konstrukteur/-in (m/w/d) – Tragwerksplanung /  Hochbau,"Frankfurt, Hesse, de",foreign,11,2026-06-19,posted,2026-06-19T08:31:59.890Z,2026-06-30,smartrecruiters,https://jobs.smartrecruiters.com/AECOM2/https://api.smartrecruiters.com/v1/companies/AECOM2/postings/744000133015479
AECOM,Senior Landscape Architect,"Gurugram, HARYANA, in",foreign,11,2026-06-19,posted,2026-06-19T07:30:01.692Z,2026-06-30,smartrecruiters,https://jobs.smartrecruiters.com/AECOM2/https://api.smartrecruiters.com/v1/companies/AECOM2/postings/744000133004940
AECOM,Architectural Technologist,"Manchester, LEVEL 4, gb",foreign,11,2026-06-19,posted,2026-06-19T06:38:15.342Z,2026-06-30,smartrecruiters,https://jobs.smartrecruiters.com/AECOM2/https://api.smartrecruiters.com/v1/companies/AECOM2/postings/744000132996762
WSP USA,BIM Modeller - Structures,"Bengaluru, Karnataka, India",foreign,11,2026-06-19,posted,2026-06-19,2026-06-30,oracle-cloud,https://emit.fa.ca3.oraclecloud.com/hcmUI/CandidateExperience/en/sites/CX_2001/job/89182
Gensler,Designer – Interiors – Mid Level,"Los Angeles, CA, US",us,12,2026-06-18,posted,Posted 12 Days Ago,2026-06-30,workday,https://gensler.wd1.myworkdayjobs.com/job/Los-Angeles-CA-US/Designer---Interiors---Mid-Level_R-17911
Gensler,Technical Designer - Critical Facilities - Mid Level,"San Jose, CA, US",us,12,2026-06-18,posted,Posted 12 Days Ago,2026-06-30,workday,https://gensler.wd1.myworkdayjobs.com/job/San-Jose-CA-US/Technical-Designer---Advanced-Technology---Mid-Level_R-16125
Gensler,Architect - Senior,"Houston, TX, US",us,12,2026-06-18,posted,Posted 12 Days Ago,2026-06-30,workday,https://gensler.wd1.myworkdayjobs.com/job/Houston-TX-US/Architect---Senior_R-17910
Gensler,Architect - Mid Level,"Nashville, TN, US",us,12,2026-06-18,posted,Posted 12 Days Ago,2026-06-30,workday,https://gensler.wd1.myworkdayjobs.com/job/Nashville-TN-US/Architect---Mid-Level_R-16048
Gensler,Designer - Architecture - Mid Level,"Kansas City, MO, US",us,12,2026-06-18,posted,Posted 12 Days Ago,2026-06-30,workday,https://gensler.wd1.myworkdayjobs.com/job/Kansas-City-MO-US/Designer---Architecture---Mid-Level_R-16238
Gensler,Architect - Sports - Mid Level,"Austin, TX, US",us,12,2026-06-18,posted,Posted 12 Days Ago,2026-06-30,workday,https://gensler.wd1.myworkdayjobs.com/job/Austin-TX-US/Architect---Sports---Mid-Level_R-17233
Gensler,Architect - Critical Facilities - Mid Level,"Austin, TX, US",us,12,2026-06-18,posted,Posted 12 Days Ago,2026-06-30,workday,https://gensler.wd1.myworkdayjobs.com/job/Austin-TX-US/Architect---Critical-Facilities---Mid-Level_R-17045
Gensler,Technical Designer - Critical Facilities - Junior,"Austin, TX, US",us,12,2026-06-18,posted,Posted 12 Days Ago,2026-06-30,workday,https://gensler.wd1.myworkdayjobs.com/job/Austin-TX-US/Technical-Designer---Critical-Facilities---Junior_R-17046-1
Stantec,Information & Communications Technology (ICT) Designer - Buildings Government Services,"Richmond, VA, United States",us,12,2026-06-18,posted,2026-06-18,2026-06-30,oracle-cloud,https://hdhl.fa.us6.oraclecloud.com/hcmUI/CandidateExperience/en/sites/CX_1/job/1005858
Stantec,Landscape Architecture Intern (Fall 2026),"New York, NY, United States",us,12,2026-06-18,posted,2026-06-18,2026-06-30,oracle-cloud,https://hdhl.fa.us6.oraclecloud.com/hcmUI/CandidateExperience/en/sites/CX_1/job/1006352
AECOM,Roadway Lighting Engineers and Designers,"Miami, FL, us",us,12,2026-06-18,posted,2026-06-18T18:20:59.702Z,2026-06-30,smartrecruiters,https://jobs.smartrecruiters.com/AECOM2/https://api.smartrecruiters.com/v1/companies/AECOM2/postings/744000132927089
AECOM,Roadway Lighting Engineers and Designers,"Tallahassee, FL, us",us,12,2026-06-18,posted,2026-06-18T18:20:34.607Z,2026-06-30,smartrecruiters,https://jobs.smartrecruiters.com/AECOM2/https://api.smartrecruiters.com/v1/companies/AECOM2/postings/744000132927049
AECOM,Roadway Lighting Engineers and Designers,"Tampa, FL, us",us,12,2026-06-18,posted,2026-06-18T18:12:28.246Z,2026-06-30,smartrecruiters,https://jobs.smartrecruiters.com/AECOM2/https://api.smartrecruiters.com/v1/companies/AECOM2/postings/744000132926289
AECOM,Roadway Lighting Engineers and Designers,"Charleston, SC, us",us,12,2026-06-18,posted,2026-06-18T18:11:50.110Z,2026-06-30,smartrecruiters,https://jobs.smartrecruiters.com/AECOM2/https://api.smartrecruiters.com/v1/companies/AECOM2/postings/744000132926269
AECOM,Roadway Lighting Engineers and Designers,"Greenville, SC, us",us,12,2026-06-18,posted,2026-06-18T18:10:48.030Z,2026-06-30,smartrecruiters,https://jobs.smartrecruiters.com/AECOM2/https://api.smartrecruiters.com/v1/companies/AECOM2/postings/744000132924480
AECOM,Roadway Lighting Engineers and Designers,"Charlotte, NC, us",us,12,2026-06-18,posted,2026-06-18T18:09:55.669Z,2026-06-30,smartrecruiters,https://jobs.smartrecruiters.com/AECOM2/https://api.smartrecruiters.com/v1/companies/AECOM2/postings/744000132925383
AECOM,Roadway Lighting Engineers and Designers,"Columbia, SC, us",us,12,2026-06-18,posted,2026-06-18T18:09:04.566Z,2026-06-30,smartrecruiters,https://jobs.smartrecruiters.com/AECOM2/https://api.smartrecruiters.com/v1/companies/AECOM2/postings/744000132925868
AECOM,Roadway Lighting Engineers and Designers,"Birmingham, AL, us",us,12,2026-06-18,posted,2026-06-18T18:08:37.282Z,2026-06-30,smartrecruiters,https://jobs.smartrecruiters.com/AECOM2/https://api.smartrecruiters.com/v1/companies/AECOM2/postings/744000132925809
AECOM,Roadway Lighting Engineers and Designers,"Montgomery, AL, us",us,12,2026-06-18,posted,2026-06-18T18:08:00.075Z,2026-06-30,smartrecruiters,https://jobs.smartrecruiters.com/AECOM2/https://api.smartrecruiters.com/v1/companies/AECOM2/postings/744000132924564
AECOM,Roadway Lighting Engineers and Designers,"Mobile, AL, us",us,12,2026-06-18,posted,2026-06-18T18:07:23.261Z,2026-06-30,smartrecruiters,https://jobs.smartrecruiters.com/AECOM2/https://api.smartrecruiters.com/v1/companies/AECOM2/postings/744000132925449
AECOM,Roadway Lighting Engineers and Designers,"Memphis, TN, us",us,12,2026-06-18,posted,2026-06-18T18:03:19.176Z,2026-06-30,smartrecruiters,https://jobs.smartrecruiters.com/AECOM2/https://api.smartrecruiters.com/v1/companies/AECOM2/postings/744000132924114
AECOM,Roadway Lighting Engineers and Designers,"Knoxville, TN, us",us,12,2026-06-18,posted,2026-06-18T18:01:56.120Z,2026-06-30,smartrecruiters,https://jobs.smartrecruiters.com/AECOM2/https://api.smartrecruiters.com/v1/companies/AECOM2/postings/744000132924819
AECOM,Roadway Lighting Engineers and Designers,"Nashville, TN, us",us,12,2026-06-18,posted,2026-06-18T18:01:23.482Z,2026-06-30,smartrecruiters,https://jobs.smartrecruiters.com/AECOM2/https://api.smartrecruiters.com/v1/companies/AECOM2/postings/744000132924799
AECOM,Roadway Lighting Engineers and Designers,"Atlanta, GA, us",us,12,2026-06-18,posted,2026-06-18T18:00:30.435Z,2026-06-30,smartrecruiters,https://jobs.smartrecruiters.com/AECOM2/https://api.smartrecruiters.com/v1/companies/AECOM2/postings/744000132922465
AECOM,Maintenance of Traffic (MOT) Engineers and Designers,"Miami, FL, us",us,12,2026-06-18,posted,2026-06-18T17:35:08.717Z,2026-06-30,smartrecruiters,https://jobs.smartrecruiters.com/AECOM2/https://api.smartrecruiters.com/v1/companies/AECOM2/postings/744000132921229
AECOM,Maintenance of Traffic (MOT) Engineers and Designers,"Orlando, FL, us",us,12,2026-06-18,posted,2026-06-18T17:34:45.660Z,2026-06-30,smartrecruiters,https://jobs.smartrecruiters.com/AECOM2/https://api.smartrecruiters.com/v1/companies/AECOM2/postings/744000132921129
AECOM,Maintenance of Traffic (MOT) Engineers and Designers,"Tallahassee, FL, us",us,12,2026-06-18,posted,2026-06-18T17:34:20.671Z,2026-06-30,smartrecruiters,https://jobs.smartrecruiters.com/AECOM2/https://api.smartrecruiters.com/v1/companies/AECOM2/postings/744000132920056
AECOM,Maintenance of Traffic (MOT) Engineers and Designers,"Tampa, FL, us",us,12,2026-06-18,posted,2026-06-18T17:33:34.605Z,2026-06-30,smartrecruiters,https://jobs.smartrecruiters.com/AECOM2/https://api.smartrecruiters.com/v1/companies/AECOM2/postings/744000132919122
AECOM,Maintenance of Traffic (MOT) Engineers and Designers,"Greenville, SC, us",us,12,2026-06-18,posted,2026-06-18T17:33:03.488Z,2026-06-30,smartrecruiters,https://jobs.smartrecruiters.com/AECOM2/https://api.smartrecruiters.com/v1/companies/AECOM2/postings/744000132918806
AECOM,Maintenance of Traffic (MOT) Engineers and Designers,"Charleston, SC, us",us,12,2026-06-18,posted,2026-06-18T17:32:37.374Z,2026-06-30,smartrecruiters,https://jobs.smartrecruiters.com/AECOM2/https://api.smartrecruiters.com/v1/companies/AECOM2/postings/744000132920582
AECOM,Maintenance of Traffic (MOT) Engineers and Designers,"Raleigh, NC, us",us,12,2026-06-18,posted,2026-06-18T17:32:11.587Z,2026-06-30,smartrecruiters,https://jobs.smartrecruiters.com/AECOM2/https://api.smartrecruiters.com/v1/companies/AECOM2/postings/744000132920699
AECOM,Maintenance of Traffic (MOT) Engineers and Designers,"Charlotte, NC, us",us,12,2026-06-18,posted,2026-06-18T17:31:39.510Z,2026-06-30,smartrecruiters,https://jobs.smartrecruiters.com/AECOM2/https://api.smartrecruiters.com/v1/companies/AECOM2/postings/744000132920221
AECOM,Maintenance of Traffic (MOT) Engineers and Designers,"Columbia, SC, us",us,12,2026-06-18,posted,2026-06-18T17:31:13.827Z,2026-06-30,smartrecruiters,https://jobs.smartrecruiters.com/AECOM2/https://api.smartrecruiters.com/v1/companies/AECOM2/postings/744000132920261
AECOM,Maintenance of Traffic (MOT) Engineers and Designers,"Birmingham, AL, us",us,12,2026-06-18,posted,2026-06-18T17:30:45.435Z,2026-06-30,smartrecruiters,https://jobs.smartrecruiters.com/AECOM2/https://api.smartrecruiters.com/v1/companies/AECOM2/postings/744000132920519
AECOM,Maintenance of Traffic (MOT) Engineers and Designers,"Montgomery, AL, us",us,12,2026-06-18,posted,2026-06-18T17:30:16.093Z,2026-06-30,smartrecruiters,https://jobs.smartrecruiters.com/AECOM2/https://api.smartrecruiters.com/v1/companies/AECOM2/postings/744000132920378
AECOM,Maintenance of Traffic (MOT) Engineers and Designers,"Mobile, AL, us",us,12,2026-06-18,posted,2026-06-18T17:29:21.950Z,2026-06-30,smartrecruiters,https://jobs.smartrecruiters.com/AECOM2/https://api.smartrecruiters.com/v1/companies/AECOM2/postings/744000132919606
AECOM,Maintenance of Traffic (MOT) Engineers and Designers,"Memphis, TN, us",us,12,2026-06-18,posted,2026-06-18T17:28:30.255Z,2026-06-30,smartrecruiters,https://jobs.smartrecruiters.com/AECOM2/https://api.smartrecruiters.com/v1/companies/AECOM2/postings/744000132920169
AECOM,Maintenance of Traffic (MOT) Engineers and Designers,"Knoxville, TN, us",us,12,2026-06-18,posted,2026-06-18T17:27:55.199Z,2026-06-30,smartrecruiters,https://jobs.smartrecruiters.com/AECOM2/https://api.smartrecruiters.com/v1/companies/AECOM2/postings/744000132920050
AECOM,Maintenance of Traffic (MOT) Engineers and Designers,"Nashville, TN, us",us,12,2026-06-18,posted,2026-06-18T17:27:10.478Z,2026-06-30,smartrecruiters,https://jobs.smartrecruiters.com/AECOM2/https://api.smartrecruiters.com/v1/companies/AECOM2/postings/744000132920059
AECOM,Maintenance of Traffic (MOT) Engineers and Designers,"Atlanta, GA, us",us,12,2026-06-18,posted,2026-06-18T17:20:20.230Z,2026-06-30,smartrecruiters,https://jobs.smartrecruiters.com/AECOM2/https://api.smartrecruiters.com/v1/companies/AECOM2/postings/744000132918949
AECOM,Wet Utilities Engineers and Designers,"Greenville, SC, us",us,12,2026-06-18,posted,2026-06-18T16:19:36.445Z,2026-06-30,smartrecruiters,https://jobs.smartrecruiters.com/AECOM2/https://api.smartrecruiters.com/v1/companies/AECOM2/postings/744000132912319
AECOM,Wet Utilities Engineers and Designers,"Raleigh, NC, us",us,12,2026-06-18,posted,2026-06-18T16:18:18.115Z,2026-06-30,smartrecruiters,https://jobs.smartrecruiters.com/AECOM2/https://api.smartrecruiters.com/v1/companies/AECOM2/postings/744000132909505
AECOM,Wet Utilities Engineers and Designers,"Miami, FL, us",us,12,2026-06-18,posted,2026-06-18T16:17:47.455Z,2026-06-30,smartrecruiters,https://jobs.smartrecruiters.com/AECOM2/https://api.smartrecruiters.com/v1/companies/AECOM2/postings/744000132912109
AECOM,Wet Utilities Engineers and Designers,"Orlando, FL, us",us,12,2026-06-18,posted,2026-06-18T16:17:16.022Z,2026-06-30,smartrecruiters,https://jobs.smartrecruiters.com/AECOM2/https://api.smartrecruiters.com/v1/companies/AECOM2/postings/744000132910224
AECOM,Wet Utilities Engineers and Designers,"Tallahassee, FL, us",us,12,2026-06-18,posted,2026-06-18T16:16:43.050Z,2026-06-30,smartrecruiters,https://jobs.smartrecruiters.com/AECOM2/https://api.smartrecruiters.com/v1/companies/AECOM2/postings/744000132909401
AECOM,Wet Utilities Engineers and Designers,"Tampa, FL, us",us,12,2026-06-18,posted,2026-06-18T16:16:10.064Z,2026-06-30,smartrecruiters,https://jobs.smartrecruiters.com/AECOM2/https://api.smartrecruiters.com/v1/companies/AECOM2/postings/744000132911889
AECOM,Wet Utilities Engineers and Designers,"Charleston, SC, us",us,12,2026-06-18,posted,2026-06-18T16:15:38.485Z,2026-06-30,smartrecruiters,https://jobs.smartrecruiters.com/AECOM2/https://api.smartrecruiters.com/v1/companies/AECOM2/postings/744000132911510
AECOM,Wet Utilities Engineers and Designers,"Charlotte, NC, us",us,12,2026-06-18,posted,2026-06-18T14:59:02.600Z,2026-06-30,smartrecruiters,https://jobs.smartrecruiters.com/AECOM2/https://api.smartrecruiters.com/v1/companies/AECOM2/postings/744000132893089
AECOM,Wet Utilities Engineers and Designers,"Columbia, SC, us",us,12,2026-06-18,posted,2026-06-18T14:58:29.546Z,2026-06-30,smartrecruiters,https://jobs.smartrecruiters.com/AECOM2/https://api.smartrecruiters.com/v1/companies/AECOM2/postings/744000132892999
AECOM,Wet Utilities Engineers and Designers,"Birmingham, AL, us",us,12,2026-06-18,posted,2026-06-18T14:58:02.136Z,2026-06-30,smartrecruiters,https://jobs.smartrecruiters.com/AECOM2/https://api.smartrecruiters.com/v1/companies/AECOM2/postings/744000132892800
AECOM,Wet Utilities Engineers and Designers,"Montgomery, AL, us",us,12,2026-06-18,posted,2026-06-18T14:57:31.411Z,2026-06-30,smartrecruiters,https://jobs.smartrecruiters.com/AECOM2/https://api.smartrecruiters.com/v1/companies/AECOM2/postings/744000132891154
AECOM,Wet Utilities Engineers and Designers,"Mobile, AL, us",us,12,2026-06-18,posted,2026-06-18T14:57:02.805Z,2026-06-30,smartrecruiters,https://jobs.smartrecruiters.com/AECOM2/https://api.smartrecruiters.com/v1/companies/AECOM2/postings/744000132892479
AECOM,Wet Utilities Engineers and Designers,"Memphis, TN, us",us,12,2026-06-18,posted,2026-06-18T14:56:32.137Z,2026-06-30,smartrecruiters,https://jobs.smartrecruiters.com/AECOM2/https://api.smartrecruiters.com/v1/companies/AECOM2/postings/744000132891896
AECOM,Wet Utilities Engineers and Designers,"Knoxville, TN, us",us,12,2026-06-18,posted,2026-06-18T14:55:57.195Z,2026-06-30,smartrecruiters,https://jobs.smartrecruiters.com/AECOM2/https://api.smartrecruiters.com/v1/companies/AECOM2/postings/744000132892129
AECOM,Wet Utilities Engineers and Designers,"Nashville, TN, us",us,12,2026-06-18,posted,2026-06-18T14:55:31.445Z,2026-06-30,smartrecruiters,https://jobs.smartrecruiters.com/AECOM2/https://api.smartrecruiters.com/v1/companies/AECOM2/postings/744000132891062
AECOM,Wet Utilities Engineers and Designers,"Atlanta, GA, us",us,12,2026-06-18,posted,2026-06-18T14:54:54.504Z,2026-06-30,smartrecruiters,https://jobs.smartrecruiters.com/AECOM2/https://api.smartrecruiters.com/v1/companies/AECOM2/postings/744000132891539
AECOM,Graduate Architectural Assistant - Part 1 / Sandwich Placement Year (Manchester),"Manchester, England, gb",foreign,12,2026-06-18,posted,2026-06-18T08:09:32.969Z,2026-06-30,smartrecruiters,https://jobs.smartrecruiters.com/AECOM2/https://api.smartrecruiters.com/v1/companies/AECOM2/postings/744000132801970
AECOM,Senior Designer - Plant 3D I&C (Water -STP/Desalination),"Mumbai, TIMES SQUARE, in",foreign,12,2026-06-18,posted,2026-06-18T06:07:51.342Z,2026-06-30,smartrecruiters,https://jobs.smartrecruiters.com/AECOM2/https://api.smartrecruiters.com/v1/companies/AECOM2/postings/744000132780539
STV Group,Bentley BIM Manager,"Empire State Building, New York, New York",us,12,2026-06-18,posted,Posted 12 Days Ago,2026-06-30,workday,https://stvinc.wd5.myworkdayjobs.com/job/Empire-State-Building-New-York-New-York/Bentley-BIM-Manager_JR5784
KPF (Kohn Pedersen Fox),Architectural Intern,New York,us,12,2026-06-18,posted,Posted 12 Days Ago,2026-06-30,workday,https://kpf.wd5.myworkdayjobs.com/job/New-York/Architectural-Intern_JR202600079
WSP USA,Electrical BIM Modeler,"Vancouver, BC, Canada",foreign,12,2026-06-18,posted,2026-06-18,2026-06-30,oracle-cloud,https://emit.fa.ca3.oraclecloud.com/hcmUI/CandidateExperience/en/sites/CX_2001/job/83123
WSP USA,BIM Technician - Structures,"Bengaluru, Karnataka, India",foreign,12,2026-06-18,posted,2026-06-18,2026-06-30,oracle-cloud,https://emit.fa.ca3.oraclecloud.com/hcmUI/CandidateExperience/en/sites/CX_2001/job/89184
WSP USA,Structural BIM Modeler,"Midrand, Gauteng, South Africa",foreign,12,2026-06-18,posted,2026-06-18,2026-06-30,oracle-cloud,https://emit.fa.ca3.oraclecloud.com/hcmUI/CandidateExperience/en/sites/CX_2001/job/89296
WSP USA,BIM Technician - Rail,"Bengaluru, Karnataka, India",foreign,12,2026-06-18,posted,2026-06-18,2026-06-30,oracle-cloud,https://emit.fa.ca3.oraclecloud.com/hcmUI/CandidateExperience/en/sites/CX_2001/job/89318
Gensler,Architect,"Atlanta, GA, US",us,13,2026-06-17,posted,Posted 13 Days Ago,2026-06-30,workday,https://gensler.wd1.myworkdayjobs.com/job/Atlanta-GA-US/Architect_R-17904
Gensler,Architect - Senior,"Dallas, TX, US",us,13,2026-06-17,posted,Posted 13 Days Ago,2026-06-30,workday,https://gensler.wd1.myworkdayjobs.com/job/Dallas-TX-US/Architect---Senior_R-17881-1
Stantec,Process Mechanical BIM Technologist- Water,"Toronto, ON, Canada",foreign,13,2026-06-17,posted,2026-06-17,2026-06-30,oracle-cloud,https://hdhl.fa.us6.oraclecloud.com/hcmUI/CandidateExperience/en/sites/CX_1/job/1005966
AECOM,Architectural Project Manager,"San Jose, CA, us",us,13,2026-06-17,posted,2026-06-17T17:39:08.179Z,2026-06-30,smartrecruiters,https://jobs.smartrecruiters.com/AECOM2/https://api.smartrecruiters.com/v1/companies/AECOM2/postings/744000132698598
AECOM,Architectural Project Manager,"Sacramento, CA, us",us,13,2026-06-17,posted,2026-06-17T17:38:31.584Z,2026-06-30,smartrecruiters,https://jobs.smartrecruiters.com/AECOM2/https://api.smartrecruiters.com/v1/companies/AECOM2/postings/744000132698529
AECOM,Architectural Project Manager,"Los Angeles, CA, us",us,13,2026-06-17,posted,2026-06-17T17:38:00.731Z,2026-06-30,smartrecruiters,https://jobs.smartrecruiters.com/AECOM2/https://api.smartrecruiters.com/v1/companies/AECOM2/postings/744000132698419
AECOM,Architectural Project Manager,"Oakland, CA, us",us,13,2026-06-17,posted,2026-06-17T17:37:19.697Z,2026-06-30,smartrecruiters,https://jobs.smartrecruiters.com/AECOM2/https://api.smartrecruiters.com/v1/companies/AECOM2/postings/744000132698249
AECOM,Senior Project Manager-Federal Architectural Projects,"Las Vegas, NV, us",us,13,2026-06-17,posted,2026-06-17T16:42:01.952Z,2026-06-30,smartrecruiters,https://jobs.smartrecruiters.com/AECOM2/https://api.smartrecruiters.com/v1/companies/AECOM2/postings/744000132688734
AECOM,Senior Project Manager-Federal Architectural Projects,"San Diego, CA, us",us,13,2026-06-17,posted,2026-06-17T16:40:41.395Z,2026-06-30,smartrecruiters,https://jobs.smartrecruiters.com/AECOM2/https://api.smartrecruiters.com/v1/companies/AECOM2/postings/744000132688609
AECOM,Senior Project Manager-Federal Architectural Projects,"Los Angeles, CA, us",us,13,2026-06-17,posted,2026-06-17T16:39:54.737Z,2026-06-30,smartrecruiters,https://jobs.smartrecruiters.com/AECOM2/https://api.smartrecruiters.com/v1/companies/AECOM2/postings/744000132686427
AECOM,Senior Project Manager-Federal Architectural Projects,"Orange, CA, us",us,13,2026-06-17,posted,2026-06-17T16:39:04.306Z,2026-06-30,smartrecruiters,https://jobs.smartrecruiters.com/AECOM2/https://api.smartrecruiters.com/v1/companies/AECOM2/postings/744000132687904
AECOM,Senior Project Manager-Federal Architectural Projects,"Phoenix, AZ, us",us,13,2026-06-17,posted,2026-06-17T16:38:12.751Z,2026-06-30,smartrecruiters,https://jobs.smartrecruiters.com/AECOM2/https://api.smartrecruiters.com/v1/companies/AECOM2/postings/744000132687120
AECOM,Senior Designer - Mechanical (Underground Hard Rock Mining),"Centurion, GP, za",foreign,13,2026-06-17,posted,2026-06-17T16:18:36.447Z,2026-06-30,smartrecruiters,https://jobs.smartrecruiters.com/AECOM2/https://api.smartrecruiters.com/v1/companies/AECOM2/postings/744000132683385
AECOM,Senior Landscape Architect,"London, gb",foreign,13,2026-06-17,posted,2026-06-17T07:45:15.400Z,2026-06-30,smartrecruiters,https://jobs.smartrecruiters.com/AECOM2/https://api.smartrecruiters.com/v1/companies/AECOM2/postings/744000132574994
AECOM,Landscape Designer,"Changsha-20/F Parklane Plaza, Hunan, cn",foreign,13,2026-06-17,posted,2026-06-17T00:47:30.203Z,2026-06-30,smartrecruiters,https://jobs.smartrecruiters.com/AECOM2/https://api.smartrecruiters.com/v1/companies/AECOM2/postings/744000132520519
STV Group,Senior Transit Architect,"Empire State Building, New York, New York",us,13,2026-06-17,posted,Posted 13 Days Ago,2026-06-30,workday,https://stvinc.wd5.myworkdayjobs.com/job/Empire-State-Building-New-York-New-York/Senior-Transit-Architect_JR5786
STV Group,Structural Design Revit Engineering Specialist,2 Locations,unknown,13,2026-06-17,posted,Posted 13 Days Ago,2026-06-30,workday,https://stvinc.wd5.myworkdayjobs.com/job/Philadelphia-Pennsylvania/Structural-Design-Revit-Engineering-Specialist_JR5663
WSP USA,BIM-samordnare,"Malmo, Skane, Sweden",foreign,13,2026-06-17,posted,2026-06-17,2026-06-30,oracle-cloud,https://emit.fa.ca3.oraclecloud.com/hcmUI/CandidateExperience/en/sites/CX_2001/job/SER_WSPSE390704
WSP USA,BIM Technician - Rail Infra (IT),"Bengaluru, Karnataka, India",foreign,13,2026-06-17,posted,2026-06-17,2026-06-30,oracle-cloud,https://emit.fa.ca3.oraclecloud.com/hcmUI/CandidateExperience/en/sites/CX_2001/job/89096
WSP USA,Part Time Project Architectural Historian,"Washington, DC, United States",us,13,2026-06-17,posted,2026-06-17,2026-06-30,oracle-cloud,https://emit.fa.ca3.oraclecloud.com/hcmUI/CandidateExperience/en/sites/CX_2001/job/89352
Gensler,Project Architect - Critical Facilities - Senior,"Chicago, IL, US",us,14,2026-06-16,posted,Posted 14 Days Ago,2026-06-30,workday,https://gensler.wd1.myworkdayjobs.com/job/Chicago-IL-US/Project-Architect---Critical-Facilities---Senior_R-15950
Gensler,Project Architect - Senior,"Columbus, OH, US",us,14,2026-06-16,posted,Posted 14 Days Ago,2026-06-30,workday,https://gensler.wd1.myworkdayjobs.com/job/Columbus-OH-US/Project-Architect---Critical-Facilities---Senior_R-17312
Gensler,Urban Designer – Senior,"Washington, DC, US",us,14,2026-06-16,posted,Posted 14 Days Ago,2026-06-30,workday,https://gensler.wd1.myworkdayjobs.com/job/Washington-DC-US/Urban-Designer---Senior_R-17899-1
Gensler,Architect - Critical Facilities - Mid level,"Dallas, TX, US",us,14,2026-06-16,posted,Posted 14 Days Ago,2026-06-30,workday,https://gensler.wd1.myworkdayjobs.com/job/Dallas-TX-US/Architect---Critical-Facilities---Mid-level_R-17882
Perkins & Will,Senior Project Designer,Dallas,us,14,2026-06-16,posted,2026-06-16T17:20:24.457Z,2026-06-30,ultipro,https://recruiting2.ultipro.com/PER1007PWILL/JobBoard/0ca393a4-bf82-4db6-acae-91e6a0315a4a/OpportunityDetail?opportunityId=80cfc7cc-9ce7-46c4-930c-20e56c4cd976
Perkins & Will,Designer III,Boston,us,14,2026-06-16,posted,2026-06-16T15:24:51.566Z,2026-06-30,ultipro,https://recruiting2.ultipro.com/PER1007PWILL/JobBoard/0ca393a4-bf82-4db6-acae-91e6a0315a4a/OpportunityDetail?opportunityId=84afc9f3-43f2-471b-8486-e69750d1a553
Perkins & Will,Designer II,Boston,us,14,2026-06-16,posted,2026-06-16T14:29:12.798Z,2026-06-30,ultipro,https://recruiting2.ultipro.com/PER1007PWILL/JobBoard/0ca393a4-bf82-4db6-acae-91e6a0315a4a/OpportunityDetail?opportunityId=d9fd6a30-6387-46b7-8154-975274ac1a35
Stantec,"Project Designer, ICT (Information Communications Technology)","Vancouver, BC, Canada",foreign,14,2026-06-16,posted,2026-06-16,2026-06-30,oracle-cloud,https://hdhl.fa.us6.oraclecloud.com/hcmUI/CandidateExperience/en/sites/CX_1/job/1006337
AECOM,Roadway Lighting Engineers and Designers,"Orlando, FL, us",us,14,2026-06-16,posted,2026-06-16T17:47:48.527Z,2026-06-30,smartrecruiters,https://jobs.smartrecruiters.com/AECOM2/https://api.smartrecruiters.com/v1/companies/AECOM2/postings/744000132477905
AECOM,Roadway Lighting Engineers and Designers,"Raleigh, NC, us",us,14,2026-06-16,posted,2026-06-16T17:46:01.135Z,2026-06-30,smartrecruiters,https://jobs.smartrecruiters.com/AECOM2/https://api.smartrecruiters.com/v1/companies/AECOM2/postings/744000132476262
AECOM,Revit Technician,"Inverness , gb",foreign,14,2026-06-16,posted,2026-06-16T11:23:39.061Z,2026-06-30,smartrecruiters,https://jobs.smartrecruiters.com/AECOM2/https://api.smartrecruiters.com/v1/companies/AECOM2/postings/744000132393159
AECOM,Revit Technician,"Perth, gb",foreign,14,2026-06-16,posted,2026-06-16T11:23:16.493Z,2026-06-30,smartrecruiters,https://jobs.smartrecruiters.com/AECOM2/https://api.smartrecruiters.com/v1/companies/AECOM2/postings/744000132393079
AECOM,Revit Technician,"Edinburgh, gb",foreign,14,2026-06-16,posted,2026-06-16T11:22:50.360Z,2026-06-30,smartrecruiters,https://jobs.smartrecruiters.com/AECOM2/https://api.smartrecruiters.com/v1/companies/AECOM2/postings/744000132392869
AECOM,Senior Revit Technician,"Perth, gb",foreign,14,2026-06-16,posted,2026-06-16T11:21:22.605Z,2026-06-30,smartrecruiters,https://jobs.smartrecruiters.com/AECOM2/https://api.smartrecruiters.com/v1/companies/AECOM2/postings/744000132392000
AECOM,Senior Revit Technician,"Edinburgh, gb",foreign,14,2026-06-16,posted,2026-06-16T11:20:47.601Z,2026-06-30,smartrecruiters,https://jobs.smartrecruiters.com/AECOM2/https://api.smartrecruiters.com/v1/companies/AECOM2/postings/744000132392465
AECOM,Senior Revit Technician,"Inverness , gb",foreign,14,2026-06-16,posted,2026-06-16T11:20:24.878Z,2026-06-30,smartrecruiters,https://jobs.smartrecruiters.com/AECOM2/https://api.smartrecruiters.com/v1/companies/AECOM2/postings/744000132392469
AECOM,Senior Revit Technician,"Glasgow, gb",foreign,14,2026-06-16,posted,2026-06-16T11:19:47.827Z,2026-06-30,smartrecruiters,https://jobs.smartrecruiters.com/AECOM2/https://api.smartrecruiters.com/v1/companies/AECOM2/postings/744000132392269
AECOM,Revit Technician,"Glasgow, gb",foreign,14,2026-06-16,posted,2026-06-16T11:15:29.824Z,2026-06-30,smartrecruiters,https://jobs.smartrecruiters.com/AECOM2/https://api.smartrecruiters.com/v1/companies/AECOM2/postings/744000132391539
AECOM,Architect,"Shanghai, cn",foreign,14,2026-06-16,posted,2026-06-16T06:33:32.441Z,2026-06-30,smartrecruiters,https://jobs.smartrecruiters.com/AECOM2/https://api.smartrecruiters.com/v1/companies/AECOM2/postings/744000132338610
AECOM,Assistant Architect,"Shanghai, cn",foreign,14,2026-06-16,posted,2026-06-16T06:30:36.617Z,2026-06-30,smartrecruiters,https://jobs.smartrecruiters.com/AECOM2/https://api.smartrecruiters.com/v1/companies/AECOM2/postings/744000132338829
AECOM,Lead Designer - BIM PHE,"Gurugram, HARYANA, in",foreign,14,2026-06-16,posted,2026-06-16T06:16:51.044Z,2026-06-30,smartrecruiters,https://jobs.smartrecruiters.com/AECOM2/https://api.smartrecruiters.com/v1/companies/AECOM2/postings/744000132337549
HNTB,Transit Architecture Business Development Director,2 Locations,unknown,14,2026-06-16,posted,Posted 14 Days Ago,2026-06-30,workday,https://hntb.wd5.myworkdayjobs.com/job/New-York-NY/Business-Development-Director_R-30486-1
STV Group,"Senior Project Manager - Aviation (Architecture, Construction)",11 Locations,unknown,14,2026-06-16,posted,Posted 14 Days Ago,2026-06-30,workday,https://stvinc.wd5.myworkdayjobs.com/job/West-Monroe-Street-Chicago-Illinois/Senior-Project-Manager---Aviation--Architecture--Construction-_JR3474
STV Group,Senior Project Manager-Architecture,"Empire State Building, New York, New York",us,14,2026-06-16,posted,Posted 14 Days Ago,2026-06-30,workday,https://stvinc.wd5.myworkdayjobs.com/job/Empire-State-Building-New-York-New-York/Senior-Project-Manager-Architecture_JR5788
KPF (Kohn Pedersen Fox),Senior Technical Designer,New York,us,14,2026-06-16,posted,Posted 14 Days Ago,2026-06-30,workday,https://kpf.wd5.myworkdayjobs.com/job/New-York/Senior-Technical-Designer_JR202600081
KPF (Kohn Pedersen Fox),Senior Designer,New York,us,14,2026-06-16,posted,Posted 14 Days Ago,2026-06-30,workday,https://kpf.wd5.myworkdayjobs.com/job/New-York/Senior-Designer_JR202600015